Z daughter, A daughter, element daughter, Z parent, A parent, element parent, metastable, independent thermal FY jeff3.1.1, unc, independent fast FY jeff3.1.1, unc, independent 14MeV FY jeff3.1.1, unc,Extraction date
57,146,La,94,239,Pu,1,0.0080832,0.0013659,0.0081731,0.0014829, , ,2021-04-28
57,146,La,94,239,Pu,0,0.0044938,0.00075933,0.0038959,0.00070687, , ,2021-04-28
57,145,La,94,239,Pu,0,0.017216,0.0025956,0.020257,0.0024355, , ,2021-04-28
57,144,La,94,239,Pu,0,0.012527,0.0031065,0.016701,0.0031268, , ,2021-04-28
57,143,La,94,239,Pu,0,0.0082229,0.0026617,0.012126,0.0033426, , ,2021-04-28
57,142,La,94,239,Pu,0,0.0029587,0.0010531,0.0049062,0.0017581, , ,2021-04-28
57,141,La,94,239,Pu,0,0.00080565,0.00028977,0.001403,0.00051388, , ,2021-04-28
57,140,La,94,239,Pu,0,0.00011261,4.0104E-05,0.00020861,7.5464E-05, , ,2021-04-28
57,139,La,94,239,Pu,0,1.2033E-05,4.3788E-06,2.1116E-05,7.5849E-06, , ,2021-04-28
57,138,La,94,239,Pu,0,5.542E-07,2.0893E-07,9.0197E-07,3.4102E-07, , ,2021-04-28
57,137,La,94,239,Pu,0,2.2946E-08,8.303E-09,3.2741E-08,1.1973E-08, , ,2021-04-28
57,136,La,94,239,Pu,1,2.0562E-10,7.2515E-11,2.4954E-10,8.837E-11, , ,2021-04-28
57,136,La,94,239,Pu,0,2.0562E-10,7.2515E-11,2.4954E-10,8.837E-11, , ,2021-04-28
57,135,La,94,239,Pu,0,4.9345E-12,1.7547E-12,4.3808E-12,1.6076E-12, , ,2021-04-28
56,152,Ba,94,239,Pu,0,4.5396E-11,1.6279E-11, , , , ,2021-04-28
56,151,Ba,94,239,Pu,0,2.5324E-09,8.9573E-10,7.0586E-11,2.6113E-11, , ,2021-04-28
56,150,Ba,94,239,Pu,0,1.122E-07,3.9196E-08,6.0946E-09,2.2315E-09, , ,2021-04-28
56,149,Ba,94,239,Pu,0,2.4187E-06,8.7044E-07,2.341E-07,8.5793E-08, , ,2021-04-28
56,148,Ba,94,239,Pu,0,3.9536E-05,1.4687E-05,6.5988E-06,2.4979E-06, , ,2021-04-28
56,147,Ba,94,239,Pu,0,0.00035728,0.00012592,8.6135E-05,3.1493E-05, , ,2021-04-28
56,146,Ba,94,239,Pu,0,0.0024763,0.00077641,0.00094248,0.00032178, , ,2021-04-28
56,145,Ba,94,239,Pu,0,0.0084065,0.0021193,0.0041709,0.0013034, , ,2021-04-28
56,144,Ba,94,239,Pu,0,0.022243,0.0032072,0.015468,0.0030204, , ,2021-04-28
56,143,Ba,94,239,Pu,0,0.030232,0.0034901,0.027038,0.0035988, , ,2021-04-28
56,142,Ba,94,239,Pu,0,0.030401,0.0040395,0.032931,0.0038973, , ,2021-04-28
56,141,Ba,94,239,Pu,0,0.017428,0.004282,0.019153,0.0044182, , ,2021-04-28
56,140,Ba,94,239,Pu,0,0.0087561,0.0028386,0.011145,0.0035436, , ,2021-04-28
56,139,Ba,94,239,Pu,0,0.0025137,0.00091318,0.0033548,0.0012091, , ,2021-04-28
56,138,Ba,94,239,Pu,0,0.0004695,0.00017729,0.00068624,0.0002608, , ,2021-04-28
56,137,Ba,94,239,Pu,1,3.7806E-05,1.3685E-05,5.5669E-05,2.0375E-05, , ,2021-04-28
56,137,Ba,94,239,Pu,0,1.5661E-05,5.6688E-06,1.9896E-05,7.2821E-06, , ,2021-04-28
56,136,Ba,94,239,Pu,1,2.7988E-06,9.8701E-07,4.1572E-06,1.4723E-06, , ,2021-04-28
56,136,Ba,94,239,Pu,0,1.1949E-06,4.2139E-07,1.5251E-06,5.4015E-07, , ,2021-04-28
56,135,Ba,94,239,Pu,1,9.9036E-08,3.5217E-08,1.193E-07,4.378E-08, , ,2021-04-28
56,135,Ba,94,239,Pu,0,4.1024E-08,1.4588E-08,4.2639E-08,1.5647E-08, , ,2021-04-28
56,134,Ba,94,239,Pu,0,2.1998E-09,7.9024E-10,2.3174E-09,8.3763E-10, , ,2021-04-28
56,133,Ba,94,239,Pu,1,1.14E-11,4.149E-12,7.9403E-12,2.8685E-12, , ,2021-04-28
56,133,Ba,94,239,Pu,0,3.4843E-12,1.2681E-12,2.0967E-12,7.5747E-13, , ,2021-04-28
56,132,Ba,94,239,Pu,0,0,0,0,0, , ,2021-04-28
55,150,Cs,94,239,Pu,0,5.9978E-12,2.0953E-12, , , , ,2021-04-28
55,149,Cs,94,239,Pu,0,5.295E-10,1.906E-10,1.465E-11,5.3692E-12, , ,2021-04-28
55,148,Cs,94,239,Pu,0,2.35E-08,8.7537E-09,1.2481E-09,4.7272E-10, , ,2021-04-28
55,147,Cs,94,239,Pu,0,8.5169E-07,3.0652E-07,7.8691E-08,2.8952E-08, , ,2021-04-28
55,146,Cs,94,239,Pu,0,1.5221E-05,5.3777E-06,2.5208E-06,9.0487E-07, , ,2021-04-28
55,145,Cs,94,239,Pu,0,0.00018075,6.42E-05,4.6477E-05,1.7238E-05, , ,2021-04-28
55,144,Cs,94,239,Pu,1,0.00056905,0.00020209,0.00021916,7.7805E-05, , ,2021-04-28
55,144,Cs,94,239,Pu,0,0.00056905,0.00020209,0.00021916,7.7805E-05, , ,2021-04-28
55,143,Cs,94,239,Pu,0,0.005954,0.0018652,0.0033329,0.0010967, , ,2021-04-28
55,142,Cs,94,239,Pu,0,0.015241,0.0036667,0.011637,0.0031051, , ,2021-04-28
55,141,Cs,94,239,Pu,0,0.029154,0.0044981,0.027724,0.0044784, , ,2021-04-28
55,140,Cs,94,239,Pu,0,0.027715,0.0046443,0.032575,0.0044866, , ,2021-04-28
55,139,Cs,94,239,Pu,0,0.023029,0.0051158,0.028838,0.0049483, , ,2021-04-28
55,138,Cs,94,239,Pu,1,0.0060608,0.002043,0.0087437,0.0027472, , ,2021-04-28
55,138,Cs,94,239,Pu,0,0.0042712,0.0014398,0.0052283,0.0016427, , ,2021-04-28
55,137,Cs,94,239,Pu,0,0.0045666,0.0016173,0.0069485,0.0024773, , ,2021-04-28
55,136,Cs,94,239,Pu,1,0.00034454,0.00012126,0.00066988,0.0002381, , ,2021-04-28
55,136,Cs,94,239,Pu,0,0.0005879,0.00020692,0.00093693,0.00033302, , ,2021-04-28
55,135,Cs,94,239,Pu,1,5.2211E-05,1.8565E-05,9.7742E-05,3.5908E-05, , ,2021-04-28
55,135,Cs,94,239,Pu,0,8.5439E-05,3.0381E-05,0.00013208,4.8523E-05, , ,2021-04-28
55,134,Cs,94,239,Pu,1,2.8608E-06,1.0277E-06,5.414E-06,1.9571E-06, , ,2021-04-28
55,134,Cs,94,239,Pu,0,3.8815E-06,1.3944E-06,6.115E-06,2.2105E-06, , ,2021-04-28
55,133,Cs,94,239,Pu,0,2.2552E-07,8.2078E-08,3.0077E-07,1.0866E-07, , ,2021-04-28
55,132,Cs,94,239,Pu,0,2.9614E-09,1.0561E-09,2.8831E-09,1.0316E-09, , ,2021-04-28
55,131,Cs,94,239,Pu,0,3.1793E-11,1.1098E-11,2.5645E-11,8.9114E-12, , ,2021-04-28
54,147,Xe,94,239,Pu,0,1.5037E-10,5.412E-11,2.5917E-12,9.5357E-13, , ,2021-04-28
54,146,Xe,94,239,Pu,0,1.1203E-08,3.9615E-09,4.1461E-10,1.4885E-10, , ,2021-04-28
54,145,Xe,94,239,Pu,0,3.4868E-07,1.2486E-07,2.2241E-08,8.2691E-09, , ,2021-04-28
54,144,Xe,94,239,Pu,0,8.504E-06,3.1394E-06,9.7699E-07,3.5333E-07, , ,2021-04-28
54,143,Xe,94,239,Pu,0,0.00011064,4.0828E-05,2.066E-05,7.5774E-06, , ,2021-04-28
54,142,Xe,94,239,Pu,0,0.0010138,0.00035312,0.00029937,0.00010802, , ,2021-04-28
54,141,Xe,94,239,Pu,0,0.0046307,0.0014794,0.0017925,0.00061784, , ,2021-04-28
54,140,Xe,94,239,Pu,0,0.016481,0.0038651,0.0092379,0.0026132, , ,2021-04-28
54,139,Xe,94,239,Pu,0,0.032305,0.005183,0.022329,0.0046571, , ,2021-04-28
54,138,Xe,94,239,Pu,0,0.043642,0.0046269,0.039809,0.005006, , ,2021-04-28
54,137,Xe,94,239,Pu,0,0.039491,0.0056447,0.039938,0.0053662, , ,2021-04-28
54,136,Xe,94,239,Pu,0,0.027037,0.0057224,0.032225,0.0064523, , ,2021-04-28
54,135,Xe,94,239,Pu,1,0.0073835,0.0023529,0.0093996,0.003048, , ,2021-04-28
54,135,Xe,94,239,Pu,0,0.0030585,0.00097465,0.0033594,0.0010894, , ,2021-04-28
54,134,Xe,94,239,Pu,1,0.0015907,0.00056143,0.0024922,0.00088655, , ,2021-04-28
54,134,Xe,94,239,Pu,0,0.00067915,0.0002397,0.00091431,0.00032525, , ,2021-04-28
54,133,Xe,94,239,Pu,1,0.00017199,6.251E-05,0.00023818,8.5958E-05, , ,2021-04-28
54,133,Xe,94,239,Pu,0,7.1242E-05,2.5893E-05,8.5125E-05,3.0722E-05, , ,2021-04-28
54,132,Xe,94,239,Pu,1,7.7564E-06,2.7657E-06,9.7582E-06,3.4915E-06, , ,2021-04-28
54,132,Xe,94,239,Pu,0,6.8426E-06,2.4399E-06,7.2838E-06,2.6062E-06, , ,2021-04-28
54,131,Xe,94,239,Pu,1,3.2464E-07,1.1332E-07,3.6383E-07,1.2642E-07, , ,2021-04-28
54,131,Xe,94,239,Pu,0,1.3448E-07,4.694E-08,1.3004E-07,4.5185E-08, , ,2021-04-28
54,130,Xe,94,239,Pu,0,1.1643E-08,3.6388E-09,9.8973E-09,3.2529E-09, , ,2021-04-28
54,129,Xe,94,239,Pu,1,9.0537E-11,3.1955E-11,5.5409E-11,1.8996E-11, , ,2021-04-28
54,129,Xe,94,239,Pu,0,2.7673E-11,9.7671E-12,1.4631E-11,5.0161E-12, , ,2021-04-28
54,128,Xe,94,239,Pu,0,1.64E-12,5.8453E-13,0,0, , ,2021-04-28
54,126,Xe,94,239,Pu,0,0,0, , , , ,2021-04-28
53,144,I,94,239,Pu,0,1.6039E-09,5.9233E-10,5.4732E-11,1.9795E-11, , ,2021-04-28
53,143,I,94,239,Pu,0,8.5305E-08,3.1598E-08,5.664E-09,2.0792E-09, , ,2021-04-28
53,142,I,94,239,Pu,0,2.0626E-06,7.3941E-07,2.4253E-07,8.843E-08, , ,2021-04-28
53,141,I,94,239,Pu,0,3.4533E-05,1.2374E-05,6.3955E-06,2.3256E-06, , ,2021-04-28
53,140,I,94,239,Pu,0,0.0002844,0.0001005,8.3053E-05,2.9904E-05, , ,2021-04-28
53,139,I,94,239,Pu,0,0.0019781,0.00069296,0.00081912,0.00028831, , ,2021-04-28
53,138,I,94,239,Pu,0,0.0066298,0.0022308,0.0038707,0.0013529, , ,2021-04-28
53,137,I,94,239,Pu,0,0.021774,0.0051889,0.017201,0.0044753, , ,2021-04-28
53,136,I,94,239,Pu,1,0.023531,0.0041391,0.025483,0.0047035, , ,2021-04-28
53,136,I,94,239,Pu,0,0.010046,0.0017672,0.0093489,0.0017256, , ,2021-04-28
53,135,I,94,239,Pu,0,0.0419,0.006196,0.049588,0.0060551, , ,2021-04-28
53,134,I,94,239,Pu,1,0.0095374,0.0023128,0.015367,0.0030324, , ,2021-04-28
53,134,I,94,239,Pu,0,0.012941,0.003138,0.017357,0.0034251, , ,2021-04-28
53,133,I,94,239,Pu,1,0.003889,0.0012518,0.0064599,0.0019304, , ,2021-04-28
53,133,I,94,239,Pu,0,0.006364,0.0020486,0.0087291,0.0026085, , ,2021-04-28
53,132,I,94,239,Pu,1,0.00075712,0.00026471,0.0012193,0.00042636, , ,2021-04-28
53,132,I,94,239,Pu,0,0.0010273,0.00035917,0.0013772,0.00048157, , ,2021-04-28
53,131,I,94,239,Pu,0,0.00023392,8.1366E-05,0.00037233,0.00012895, , ,2021-04-28
53,130,I,94,239,Pu,1,4.9694E-06,1.5527E-06,6.1974E-06,2.0367E-06, , ,2021-04-28
53,130,I,94,239,Pu,0,1.164E-05,3.6367E-06,1.6893E-05,5.5516E-06, , ,2021-04-28
53,129,I,94,239,Pu,0,6.5373E-07,2.3073E-07,7.4169E-07,2.5428E-07, , ,2021-04-28
53,128,I,94,239,Pu,0,2.511E-08,8.9497E-09,2.7007E-08,8.3346E-09, , ,2021-04-28
53,127,I,94,239,Pu,0,1.5192E-08,5.4899E-09,1.1547E-12,4.2776E-13, , ,2021-04-28
53,126,I,94,239,Pu,0,9.5825E-09,3.6235E-09, , , , ,2021-04-28
53,125,I,94,239,Pu,0,1.241E-09,4.6726E-10,6.1708E-10,2.3085E-10, , ,2021-04-28
53,124,I,94,239,Pu,0,2.1932E-11,7.952E-12,4.7672E-12,1.8034E-12, , ,2021-04-28
52,142,Te,94,239,Pu,0,4.6494E-10,1.6668E-10,1.1365E-11,4.144E-12, , ,2021-04-28
52,141,Te,94,239,Pu,0,2.0826E-08,7.4695E-09,8.8724E-10,3.227E-10, , ,2021-04-28
52,140,Te,94,239,Pu,0,6.6229E-07,2.3565E-07,5.2809E-08,1.9063E-08, , ,2021-04-28
52,139,Te,94,239,Pu,0,1.188E-05,4.3214E-06,1.4952E-06,5.3688E-07, , ,2021-04-28
52,138,Te,94,239,Pu,0,0.00015068,5.6656E-05,3.1763E-05,1.2E-05, , ,2021-04-28
52,137,Te,94,239,Pu,0,0.0012082,0.00042902,0.00037482,0.00013609, , ,2021-04-28
52,136,Te,94,239,Pu,0,0.0067975,0.002156,0.0032386,0.0010934, , ,2021-04-28
52,135,Te,94,239,Pu,0,0.02092,0.0051521,0.012639,0.0038091, , ,2021-04-28
52,134,Te,94,239,Pu,0,0.041099,0.0058114,0.037418,0.0064515, , ,2021-04-28
52,133,Te,94,239,Pu,1,0.032852,0.0037724,0.032953,0.0043143, , ,2021-04-28
52,133,Te,94,239,Pu,0,0.013608,0.0015626,0.011777,0.001542, , ,2021-04-28
52,132,Te,94,239,Pu,0,0.029405,0.0044658,0.029984,0.0046418, , ,2021-04-28
52,131,Te,94,239,Pu,1,0.0068527,0.001885,0.008394,0.0023167, , ,2021-04-28
52,131,Te,94,239,Pu,0,0.0028386,0.00078081,0.003,0.000828, , ,2021-04-28
52,130,Te,94,239,Pu,0,0.0026834,0.00079547,0.0032657,0.0010446, , ,2021-04-28
52,129,Te,94,239,Pu,1,0.00018732,6.548E-05,0.00021351,7.2801E-05, , ,2021-04-28
52,129,Te,94,239,Pu,0,7.7592E-05,2.7123E-05,7.631E-05,2.6019E-05, , ,2021-04-28
52,128,Te,94,239,Pu,0,3.6731E-05,1.3065E-05,4.3096E-05,1.3298E-05, , ,2021-04-28
52,127,Te,94,239,Pu,1,1.2838E-05,4.6291E-06,3.5889E-07,1.3295E-07, , ,2021-04-28
52,127,Te,94,239,Pu,0,5.3179E-06,1.9175E-06,1.2827E-07,4.7518E-08, , ,2021-04-28
52,126,Te,94,239,Pu,0,1.3898E-05,5.2436E-06,2.1624E-07,8.7952E-08, , ,2021-04-28
52,125,Te,94,239,Pu,1,1.5342E-06,5.7708E-07,1.1874E-06,4.4402E-07, , ,2021-04-28
52,125,Te,94,239,Pu,0,4.6893E-07,1.7639E-07,3.1356E-07,1.1725E-07, , ,2021-04-28
52,124,Te,94,239,Pu,0,1.5583E-07,5.6497E-08,5.9324E-08,2.2441E-08, , ,2021-04-28
52,123,Te,94,239,Pu,1,3.3347E-09,1.2864E-09,1.1275E-09,4.3117E-10, , ,2021-04-28
52,123,Te,94,239,Pu,0,1.0193E-09,3.9319E-10,2.9772E-10,1.1386E-10, , ,2021-04-28
52,122,Te,94,239,Pu,0,1.3529E-10,4.8997E-11,3.9649E-11,1.495E-11, , ,2021-04-28
52,121,Te,94,239,Pu,1,1.6506E-12,6.3658E-13, , , , ,2021-04-28
52,121,Te,94,239,Pu,0,5.0451E-13,1.9458E-13, , , , ,2021-04-28
51,139,Sb,94,239,Pu,0,2.6618E-09,9.6849E-10,1.0945E-10,3.9303E-11, , ,2021-04-28
51,138,Sb,94,239,Pu,0,9.2532E-08,3.4883E-08,7.0932E-09,2.6818E-09, , ,2021-04-28
51,137,Sb,94,239,Pu,0,2.971E-06,1.075E-06,4.015E-07,1.4682E-07, , ,2021-04-28
51,136,Sb,94,239,Pu,0,4.3843E-05,1.5452E-05,1.0178E-05,3.6037E-06, , ,2021-04-28
51,135,Sb,94,239,Pu,0,0.00052106,0.00018407,0.00018291,6.6913E-05, , ,2021-04-28
51,134,Sb,94,239,Pu,1,0.0019451,0.00067534,0.0011943,0.00042094, , ,2021-04-28
51,134,Sb,94,239,Pu,0,0.00083046,0.00028833,0.00043816,0.00015443, , ,2021-04-28
51,133,Sb,94,239,Pu,0,0.012654,0.0036798,0.0099042,0.002986, , ,2021-04-28
51,132,Sb,94,239,Pu,1,0.0083205,0.0018269,0.0085768,0.0019818, , ,2021-04-28
51,132,Sb,94,239,Pu,0,0.011289,0.0024788,0.0096872,0.0022383, , ,2021-04-28
51,131,Sb,94,239,Pu,0,0.021261,0.0031806,0.024737,0.0035138, , ,2021-04-28
51,130,Sb,94,239,Pu,1,0.0065975,0.001233,0.0074705,0.0016102, , ,2021-04-28
51,130,Sb,94,239,Pu,0,0.0065975,0.001233,0.0074705,0.0016102, , ,2021-04-28
51,129,Sb,94,239,Pu,1,0.0016464,0.00044909,0.0020513,0.00054345, , ,2021-04-28
51,129,Sb,94,239,Pu,0,0.0026942,0.00073491,0.002772,0.00073435, , ,2021-04-28
51,128,Sb,94,239,Pu,1,0.00080351,0.00026231,0.001047,0.00031661, , ,2021-04-28
51,128,Sb,94,239,Pu,0,0.00047089,0.00015373,0.00074859,0.00022637, , ,2021-04-28
51,127,Sb,94,239,Pu,0,0.00077196,0.00024953,0.00057704,0.00020781, , ,2021-04-28
51,126,Sb,94,239,Pu,2,0.00017357,6.0023E-05,6.5916E-05,2.5818E-05, , ,2021-04-28
51,126,Sb,94,239,Pu,1,0.00013271,4.5895E-05,5.3174E-05,2.0827E-05, , ,2021-04-28
51,126,Sb,94,239,Pu,0,0.0001795,6.2072E-05,8.5131E-05,3.3344E-05, , ,2021-04-28
51,125,Sb,94,239,Pu,0,0.00012473,4.3901E-05,0.0001549,5.4737E-05, , ,2021-04-28
51,124,Sb,94,239,Pu,2,1.0019E-05,3.5838E-06,7.741E-06,2.902E-06, , ,2021-04-28
51,124,Sb,94,239,Pu,1,7.4081E-06,2.6498E-06,4.8351E-06,1.8126E-06, , ,2021-04-28
51,124,Sb,94,239,Pu,0,9.6886E-06,3.4655E-06,5.9938E-06,2.247E-06, , ,2021-04-28
51,123,Sb,94,239,Pu,0,3.0502E-06,1.1745E-06,2.0639E-06,7.8831E-07, , ,2021-04-28
51,122,Sb,94,239,Pu,1,1.2727E-07,4.6081E-08,8.7757E-08,3.3085E-08, , ,2021-04-28
51,122,Sb,94,239,Pu,0,1.1227E-07,4.0651E-08,6.5503E-08,2.4695E-08, , ,2021-04-28
51,121,Sb,94,239,Pu,0,1.4693E-08,5.6668E-09,9.6582E-09,3.6476E-09, , ,2021-04-28
51,120,Sb,94,239,Pu,1,1.8415E-11,7.0292E-12,1.1052E-11,4.137E-12, , ,2021-04-28
51,120,Sb,94,239,Pu,0,1.2978E-11,4.9538E-12,6.6084E-12,2.4737E-12, , ,2021-04-28
51,119,Sb,94,239,Pu,0,1.5525E-12,5.6847E-13, , , , ,2021-04-28
50,137,Sn,94,239,Pu,0,4.9379E-10,1.7868E-10,1.5724E-11,5.7502E-12, , ,2021-04-28
50,136,Sn,94,239,Pu,0,2.7477E-08,9.6899E-09,1.7662E-09,6.2548E-10, , ,2021-04-28
50,135,Sn,94,239,Pu,0,1.0225E-06,3.636E-07,1.134E-07,4.1612E-08, , ,2021-04-28
50,134,Sn,94,239,Pu,0,2.1902E-05,7.8643E-06,4.855E-06,1.7544E-06, , ,2021-04-28
50,133,Sn,94,239,Pu,0,0.00033186,0.00011979,0.00011145,4.0052E-05, , ,2021-04-28
50,132,Sn,94,239,Pu,0,0.0019201,0.00064694,0.00091015,0.0003121, , ,2021-04-28
50,131,Sn,94,239,Pu,1,0.0042149,0.0011609,0.0031875,0.00090283, , ,2021-04-28
50,131,Sn,94,239,Pu,0,0.0017459,0.00048088,0.0011392,0.00032267, , ,2021-04-28
50,130,Sn,94,239,Pu,1,0.0080354,0.0015036,0.0074952,0.0016122, , ,2021-04-28
50,130,Sn,94,239,Pu,0,0.0034306,0.00064193,0.0027498,0.00059147, , ,2021-04-28
50,129,Sn,94,239,Pu,1,0.0058151,0.00092262,0.0053669,0.00097355, , ,2021-04-28
50,129,Sn,94,239,Pu,0,0.0024088,0.00038218,0.0019181,0.00034795, , ,2021-04-28
50,128,Sn,94,239,Pu,1,0.0037079,0.00051294,0.0044813,0.00089548, , ,2021-04-28
50,128,Sn,94,239,Pu,0,0.001583,0.00021899,0.0016441,0.00032852, , ,2021-04-28
50,127,Sn,94,239,Pu,1,0.00085568,0.00012032,0.0010674,0.00020935, , ,2021-04-28
50,127,Sn,94,239,Pu,0,0.0020657,0.00029047,0.0029864,0.00058574, , ,2021-04-28
50,126,Sn,94,239,Pu,0,0.0020245,0.00038609,0.0016441,0.00033939, , ,2021-04-28
50,125,Sn,94,239,Pu,1,0.00020684,3.9175E-05,0.00021909,4.4066E-05, , ,2021-04-28
50,125,Sn,94,239,Pu,0,0.00049935,9.4575E-05,0.00061299,0.00012329, , ,2021-04-28
50,124,Sn,94,239,Pu,0,0.00050918,0.00012512,0.00036424,0.00010324, , ,2021-04-28
50,123,Sn,94,239,Pu,1,4.624E-05,1.5966E-05,3.2015E-05,1.1159E-05, , ,2021-04-28
50,123,Sn,94,239,Pu,0,0.00011163,3.8543E-05,8.9575E-05,3.1222E-05, , ,2021-04-28
50,122,Sn,94,239,Pu,0,3.9803E-05,1.3864E-05,3.2404E-05,1.1902E-05, , ,2021-04-28
50,121,Sn,94,239,Pu,1,4.7273E-06,1.8107E-06,4.438E-06,1.6677E-06, , ,2021-04-28
50,121,Sn,94,239,Pu,0,1.9582E-06,7.5006E-07,1.5862E-06,5.9606E-07, , ,2021-04-28
50,120,Sn,94,239,Pu,0,1.1848E-07,4.5218E-08,1.1056E-07,4.1383E-08, , ,2021-04-28
50,119,Sn,94,239,Pu,1,1.2995E-08,4.7585E-09,1.0234E-08,3.8368E-09, , ,2021-04-28
50,119,Sn,94,239,Pu,0,3.972E-09,1.4544E-09,2.7025E-09,1.0132E-09, , ,2021-04-28
50,118,Sn,94,239,Pu,0,1.2504E-09,4.6193E-10,8.365E-10,3.4624E-10, , ,2021-04-28
50,117,Sn,94,239,Pu,1,5.5452E-11,2.0122E-11,3.4648E-11,1.4236E-11, , ,2021-04-28
50,117,Sn,94,239,Pu,0,1.6949E-11,6.1505E-12,9.1492E-12,3.7592E-12, , ,2021-04-28
50,116,Sn,94,239,Pu,0,1.1855E-12,4.3245E-13,0,0, , ,2021-04-28
50,115,Sn,94,239,Pu,0,0,0,0,0, , ,2021-04-28
50,114,Sn,94,239,Pu,0,0,0,0,0, , ,2021-04-28
49,135,In,94,239,Pu,0,9.2971E-11,3.306E-11,2.6263E-12,9.6377E-13, , ,2021-04-28
49,134,In,94,239,Pu,0,7.6397E-09,2.7445E-09,5.075E-10,1.8344E-10, , ,2021-04-28
49,133,In,94,239,Pu,1,8.5795E-08,3.1225E-08,9.1515E-09,3.3059E-09, , ,2021-04-28
49,133,In,94,239,Pu,0,3.7104E-07,1.3504E-07,4.5452E-08,1.6419E-08, , ,2021-04-28
49,132,In,94,239,Pu,0,9.4522E-06,3.3683E-06,1.8601E-06,6.6523E-07, , ,2021-04-28
49,131,In,94,239,Pu,4,3.1447E-05,1.0891E-05,1.0545E-05,3.6326E-06, , ,2021-04-28
49,131,In,94,239,Pu,1,3.1447E-05,1.0891E-05,1.0545E-05,3.6326E-06, , ,2021-04-28
49,131,In,94,239,Pu,0,3.1447E-05,1.0891E-05,1.0545E-05,3.6326E-06, , ,2021-04-28
49,130,In,94,239,Pu,2,0.00027229,8.1578E-05,0.00012292,3.8296E-05, , ,2021-04-28
49,130,In,94,239,Pu,1,0.00016003,4.7947E-05,8.8244E-05,2.7492E-05, , ,2021-04-28
49,130,In,94,239,Pu,0,0.00014328,4.2928E-05,6.0605E-05,1.8881E-05, , ,2021-04-28
49,129,In,94,239,Pu,1,0.00023028,6.9969E-05,0.00012031,3.4584E-05, , ,2021-04-28
49,129,In,94,239,Pu,0,0.00099592,0.0003026,0.00059755,0.00017177, , ,2021-04-28
49,128,In,94,239,Pu,-2,0.00080203,0.00021933,0.0010662,0.00022911, , ,2021-04-28
49,128,In,94,239,Pu,1,0.00025758,7.044E-05,0.00027826,5.9795E-05, , ,2021-04-28
49,128,In,94,239,Pu,0,0.00063279,0.00017305,0.00071065,0.00015271, , ,2021-04-28
49,127,In,94,239,Pu,1,0.00016669,4.9624E-05,0.00010752,3.4001E-05, , ,2021-04-28
49,127,In,94,239,Pu,0,0.00072088,0.00021462,0.00053398,0.00016887, , ,2021-04-28
49,126,In,94,239,Pu,1,0.00028462,9.2373E-05,0.00012259,4.5164E-05, , ,2021-04-28
49,126,In,94,239,Pu,0,0.00031598,0.00010255,0.0001137,4.189E-05, , ,2021-04-28
49,125,In,94,239,Pu,1,6.1428E-05,1.8512E-05,6.3596E-05,1.8647E-05, , ,2021-04-28
49,125,In,94,239,Pu,0,0.00026566,8.0061E-05,0.00031585,9.2613E-05, , ,2021-04-28
49,124,In,94,239,Pu,1,0.00031938,6.1351E-05,0.00025758,5.781E-05, , ,2021-04-28
49,124,In,94,239,Pu,0,0.00035456,6.8109E-05,0.00023891,5.362E-05, , ,2021-04-28
49,123,In,94,239,Pu,1,0.00010451,2.0765E-05,7.5395E-05,1.4246E-05, , ,2021-04-28
49,123,In,94,239,Pu,0,0.00045197,8.9805E-05,0.00037445,7.0755E-05, , ,2021-04-28
49,122,In,94,239,Pu,5,0.00010618,2.0642E-05,9.9793E-05,2.2413E-05, , ,2021-04-28
49,122,In,94,239,Pu,1,0.00010618,2.0642E-05,9.9793E-05,2.2413E-05, , ,2021-04-28
49,122,In,94,239,Pu,0,0.00014966,2.9094E-05,0.00011934,2.6804E-05, , ,2021-04-28
49,121,In,94,239,Pu,1,3.1256E-05,9.6651E-06,2.8918E-05,8.6666E-06, , ,2021-04-28
49,121,In,94,239,Pu,0,0.00013517,4.18E-05,0.00014362,4.3043E-05, , ,2021-04-28
49,120,In,94,239,Pu,2,6.5457E-06,2.4286E-06,8.2112E-06,2.9929E-06, , ,2021-04-28
49,120,In,94,239,Pu,1,6.5457E-06,2.4286E-06,8.2112E-06,2.9929E-06, , ,2021-04-28
49,120,In,94,239,Pu,0,6.5457E-06,2.4286E-06,8.2112E-06,2.9929E-06, , ,2021-04-28
49,119,In,94,239,Pu,1,1.2378E-06,4.4912E-07,1.2106E-06,4.5051E-07, , ,2021-04-28
49,119,In,94,239,Pu,0,5.3534E-06,1.9424E-06,6.0128E-06,2.2375E-06, , ,2021-04-28
49,118,In,94,239,Pu,3,4.6121E-07,1.7008E-07,5.423E-07,2.2417E-07, , ,2021-04-28
49,118,In,94,239,Pu,1,4.7619E-07,1.756E-07,4.6842E-07,1.9363E-07, , ,2021-04-28
49,118,In,94,239,Pu,0,3.1068E-07,1.1457E-07,2.9008E-07,1.1991E-07, , ,2021-04-28
49,117,In,94,239,Pu,1,3.5258E-08,1.279E-08,3.2162E-08,1.3212E-08, , ,2021-04-28
49,117,In,94,239,Pu,0,1.5248E-07,5.5316E-08,1.5974E-07,6.562E-08, , ,2021-04-28
49,116,In,94,239,Pu,4,3.9148E-09,1.4279E-09,4.4708E-09,1.7202E-09, , ,2021-04-28
49,116,In,94,239,Pu,1,4.042E-09,1.4743E-09,3.8617E-09,1.4858E-09, , ,2021-04-28
49,116,In,94,239,Pu,0,2.6371E-09,9.6187E-10,2.3915E-09,9.2014E-10, , ,2021-04-28
49,115,In,94,239,Pu,1,5.8999E-11,2.1537E-11,7.0231E-11,2.6268E-11, , ,2021-04-28
49,115,In,94,239,Pu,0,2.5516E-10,9.3143E-11,3.4881E-10,1.3046E-10, , ,2021-04-28
49,114,In,94,239,Pu,5,2.6426E-12,9.5919E-13,2.6192E-12,1.0069E-12, , ,2021-04-28
49,114,In,94,239,Pu,1,2.7284E-12,9.9034E-13,2.2624E-12,8.6975E-13, , ,2021-04-28
49,114,In,94,239,Pu,0,1.7801E-12,6.4612E-13,1.401E-12,5.3861E-13, , ,2021-04-28
49,113,In,94,239,Pu,0,0,0,0,0, , ,2021-04-28
48,132,Cd,94,239,Pu,0,2.4988E-09,8.911E-10,1.5028E-10,5.3774E-11, , ,2021-04-28
48,131,Cd,94,239,Pu,0,8.7431E-08,3.0519E-08,1.0379E-08,3.6067E-09, , ,2021-04-28
48,130,Cd,94,239,Pu,0,1.7668E-06,5.5209E-07,3.342E-07,1.0983E-07, , ,2021-04-28
48,129,Cd,94,239,Pu,1,7.7873E-06,2.7454E-06,2.0656E-06,7.0751E-07, , ,2021-04-28
48,129,Cd,94,239,Pu,0,3.2257E-06,1.1372E-06,7.3824E-07,2.5287E-07, , ,2021-04-28
48,128,Cd,94,239,Pu,0,3.0861E-05,1.0955E-05,2.3315E-05,7.1573E-06, , ,2021-04-28
48,127,Cd,94,239,Pu,0,1.6559E-05,5.965E-06,4.8866E-07,1.8099E-07, , ,2021-04-28
48,126,Cd,94,239,Pu,0,1.13E-05,4.2618E-06,1.8757E-07,7.6286E-08, , ,2021-04-28
48,125,Cd,94,239,Pu,1,7.969E-06,2.9813E-06,6.6011E-06,2.4552E-06, , ,2021-04-28
48,125,Cd,94,239,Pu,0,3.301E-06,1.2349E-06,2.3593E-06,8.775E-07, , ,2021-04-28
48,124,Cd,94,239,Pu,0,7.224E-05,2.5127E-05,4.0944E-05,1.4985E-05, , ,2021-04-28
48,123,Cd,94,239,Pu,1,0.00011942,4.0556E-05,8.5546E-05,2.9086E-05, , ,2021-04-28
48,123,Cd,94,239,Pu,0,4.9468E-05,1.6799E-05,3.0574E-05,1.0396E-05, , ,2021-04-28
48,122,Cd,94,239,Pu,0,0.00027774,6.7737E-05,0.00022245,6.1853E-05, , ,2021-04-28
48,121,Cd,94,239,Pu,1,0.0002283,4.8844E-05,0.00023504,4.9118E-05, , ,2021-04-28
48,121,Cd,94,239,Pu,0,9.4569E-05,2.0232E-05,8.4006E-05,1.7555E-05, , ,2021-04-28
48,120,Cd,94,239,Pu,0,0.00021029,5.1373E-05,0.00027555,6.4115E-05, , ,2021-04-28
48,119,Cd,94,239,Pu,1,0.00010879,3.0282E-05,0.00013622,3.9592E-05, , ,2021-04-28
48,119,Cd,94,239,Pu,0,4.5063E-05,1.2544E-05,4.8684E-05,1.415E-05, , ,2021-04-28
48,118,Cd,94,239,Pu,0,7.0128E-05,2.312E-05,8.5816E-05,3.2015E-05, , ,2021-04-28
48,117,Cd,94,239,Pu,1,1.9935E-05,6.9455E-06,2.6643E-05,1.0567E-05, , ,2021-04-28
48,117,Cd,94,239,Pu,0,6.0932E-06,2.1229E-06,7.0353E-06,2.7903E-06, , ,2021-04-28
48,116,Cd,94,239,Pu,0,4.8224E-06,1.7464E-06,6.8329E-06,2.6121E-06, , ,2021-04-28
48,115,Cd,94,239,Pu,1,3.5769E-07,1.3046E-07,7.6084E-07,2.8438E-07, , ,2021-04-28
48,115,Cd,94,239,Pu,0,1.0933E-07,3.9874E-08,2.0091E-07,7.5093E-08, , ,2021-04-28
48,114,Cd,94,239,Pu,0,3.9779E-08,1.4438E-08,6.0738E-08,2.3349E-08, , ,2021-04-28
48,113,Cd,94,239,Pu,1,1.1367E-09,4.1456E-10,1.3142E-09,5.0602E-10, , ,2021-04-28
48,113,Cd,94,239,Pu,0,3.4743E-10,1.2671E-10,3.4702E-10,1.3362E-10, , ,2021-04-28
48,112,Cd,94,239,Pu,0,2.2141E-11,8.107E-12,1.2517E-11,4.7822E-12, , ,2021-04-28
48,111,Cd,94,239,Pu,0,0,0,0,0, , ,2021-04-28
48,110,Cd,94,239,Pu,0,0,0,0,0, , ,2021-04-28
48,109,Cd,94,239,Pu,0,3.9294E-12,1.6131E-12, , , , ,2021-04-28
48,108,Cd,94,239,Pu,0,0,0,0,0, , ,2021-04-28
47,130,Ag,94,239,Pu,0,2.8626E-10,8.9462E-11,1.6268E-11,5.3469E-12, , ,2021-04-28
47,129,Ag,94,239,Pu,0,5.6688E-09,2.0009E-09,4.9362E-10,1.6923E-10, , ,2021-04-28
47,128,Ag,94,239,Pu,0,3.0886E-08,1.1008E-08,1.3444E-08,4.1488E-09, , ,2021-04-28
47,127,Ag,94,239,Pu,0,1.6507E-08,5.965E-09,1.1319E-12,4.1931E-13, , ,2021-04-28
47,126,Ag,94,239,Pu,0,1.1217E-08,4.2416E-09, , , , ,2021-04-28
47,125,Ag,94,239,Pu,0,2.3201E-08,8.7357E-09,9.9133E-09,3.7086E-09, , ,2021-04-28
47,124,Ag,94,239,Pu,1,2.4371E-07,8.834E-08,9.0826E-08,3.4353E-08, , ,2021-04-28
47,124,Ag,94,239,Pu,0,2.7056E-07,9.807E-08,8.4244E-08,3.1864E-08, , ,2021-04-28
47,123,Ag,94,239,Pu,0,3.7833E-06,1.4558E-06,1.7221E-06,6.5748E-07, , ,2021-04-28
47,122,Ag,94,239,Pu,1,8.2061E-06,2.9208E-06,5.1698E-06,1.9279E-06, , ,2021-04-28
47,122,Ag,94,239,Pu,0,9.11E-06,3.2425E-06,4.7951E-06,1.7881E-06, , ,2021-04-28
47,121,Ag,94,239,Pu,0,5.4227E-05,1.9663E-05,4.1713E-05,1.4984E-05, , ,2021-04-28
47,120,Ag,94,239,Pu,1,0.00011063,2.8968E-05,0.00013659,3.6507E-05, , ,2021-04-28
47,120,Ag,94,239,Pu,0,7.7963E-05,2.0414E-05,8.1673E-05,2.1829E-05, , ,2021-04-28
47,119,Ag,94,239,Pu,1,0.00024432,4.2672E-05,0.00027343,5.8285E-05, , ,2021-04-28
47,119,Ag,94,239,Pu,0,3.7349E-05,6.5233E-06,3.6406E-05,7.7603E-06, , ,2021-04-28
47,118,Ag,94,239,Pu,1,0.00022868,3.5769E-05,0.00027344,5.6837E-05, , ,2021-04-28
47,118,Ag,94,239,Pu,0,5.4376E-05,8.505E-06,5.6403E-05,1.1724E-05, , ,2021-04-28
47,117,Ag,94,239,Pu,1,0.0002056,4.018E-05,0.0002689,6.4639E-05, , ,2021-04-28
47,117,Ag,94,239,Pu,0,3.143E-05,6.1423E-06,3.5802E-05,8.6063E-06, , ,2021-04-28
47,116,Ag,94,239,Pu,1,9.1314E-05,2.609E-05,0.00014415,4.3009E-05, , ,2021-04-28
47,116,Ag,94,239,Pu,0,3.8986E-05,1.1139E-05,5.2883E-05,1.5778E-05, , ,2021-04-28
47,115,Ag,94,239,Pu,1,3.3114E-05,1.1196E-05,8.0579E-05,2.7822E-05, , ,2021-04-28
47,115,Ag,94,239,Pu,0,5.0621E-06,1.7116E-06,1.0729E-05,3.7043E-06, , ,2021-04-28
47,114,Ag,94,239,Pu,1,9.2553E-06,3.3104E-06,1.8834E-05,7.144E-06, , ,2021-04-28
47,114,Ag,94,239,Pu,0,2.2007E-06,7.8713E-07,3.8849E-06,1.4736E-06, , ,2021-04-28
47,113,Ag,94,239,Pu,1,1.4804E-06,5.3915E-07,2.4954E-06,9.5989E-07, , ,2021-04-28
47,113,Ag,94,239,Pu,0,2.2631E-07,8.242E-08,3.3224E-07,1.278E-07, , ,2021-04-28
47,112,Ag,94,239,Pu,0,1.141E-07,4.1775E-08,1.1066E-07,4.2277E-08, , ,2021-04-28
47,111,Ag,94,239,Pu,1,9.2474E-09,3.3981E-09,0,0, , ,2021-04-28
47,111,Ag,94,239,Pu,0,1.4136E-09,5.1947E-10,0,0, , ,2021-04-28
47,110,Ag,94,239,Pu,1,1.5503E-08,5.8373E-09, , , , ,2021-04-28
47,110,Ag,94,239,Pu,0,6.6189E-09,2.4922E-09, , , , ,2021-04-28
47,109,Ag,94,239,Pu,1,5.8743E-08,2.4115E-08,9.794E-09,4.8046E-09, , ,2021-04-28
47,109,Ag,94,239,Pu,0,8.9801E-09,3.6864E-09,1.304E-09,6.3971E-10, , ,2021-04-28
47,108,Ag,94,239,Pu,1,1.5448E-09,5.7196E-10,2.0724E-10,9.9644E-11, , ,2021-04-28
47,108,Ag,94,239,Pu,0,6.5956E-10,2.4419E-10,7.603E-11,3.6556E-11, , ,2021-04-28
47,107,Ag,94,239,Pu,1,2.8343E-11,1.0622E-11,1.9781E-12,8.691E-13, , ,2021-04-28
47,107,Ag,94,239,Pu,0,4.3328E-12,1.6238E-12,2.6338E-13,1.1572E-13, , ,2021-04-28
46,124,Pd,94,239,Pu,0,1.9588E-10,7.102E-11,2.9823E-11,1.1282E-11, , ,2021-04-28
46,123,Pd,94,239,Pu,0,4.8498E-09,1.8709E-09,1.0979E-09,4.1986E-10, , ,2021-04-28
46,122,Pd,94,239,Pu,0,6.7076E-08,2.429E-08,2.102E-08,7.9254E-09, , ,2021-04-28
46,121,Pd,94,239,Pu,0,6.2657E-07,2.4149E-07,2.8729E-07,1.0846E-07, , ,2021-04-28
46,120,Pd,94,239,Pu,0,1.3938E-05,5.2157E-06,1.1299E-05,4.1723E-06, , ,2021-04-28
46,119,Pd,94,239,Pu,0,4.4552E-05,1.5287E-05,3.6477E-05,1.309E-05, , ,2021-04-28
46,118,Pd,94,239,Pu,0,9.9867E-05,3.1103E-05,9.2703E-05,3.3952E-05, , ,2021-04-28
46,117,Pd,94,239,Pu,1,0.00011926,2.9121E-05,0.00013644,4.2188E-05, , ,2021-04-28
46,117,Pd,94,239,Pu,0,6.3459E-05,1.5495E-05,6.2077E-05,1.9194E-05, , ,2021-04-28
46,116,Pd,94,239,Pu,0,0.0002723,4.3621E-05,0.00036856,7.0086E-05, , ,2021-04-28
46,115,Pd,94,239,Pu,1,0.00014087,2.2891E-05,0.00033173,5.1367E-05, , ,2021-04-28
46,115,Pd,94,239,Pu,0,7.4958E-05,1.218E-05,0.00015093,2.337E-05, , ,2021-04-28
46,114,Pd,94,239,Pu,0,0.00020296,5.1343E-05,0.00040103,0.0001054, , ,2021-04-28
46,113,Pd,94,239,Pu,1,7.7335E-05,2.5538E-05,0.00014741,5.1864E-05, , ,2021-04-28
46,113,Pd,94,239,Pu,0,3.2034E-05,1.0579E-05,5.2684E-05,1.8537E-05, , ,2021-04-28
46,112,Pd,94,239,Pu,0,3.0508E-05,1.0998E-05,3.7791E-05,1.4289E-05, , ,2021-04-28
46,111,Pd,94,239,Pu,1,7.0107E-06,2.5712E-06,2.3036E-07,9.4078E-08, , ,2021-04-28
46,111,Pd,94,239,Pu,0,3.7304E-06,1.3681E-06,1.0481E-07,4.2802E-08, , ,2021-04-28
46,110,Pd,94,239,Pu,0,2.2158E-05,8.3291E-06,5.7605E-07,2.9657E-07, , ,2021-04-28
46,109,Pd,94,239,Pu,1,3.793E-05,1.5549E-05,1.4316E-05,7.0785E-06, , ,2021-04-28
46,109,Pd,94,239,Pu,0,2.0182E-05,8.2737E-06,6.5135E-06,3.2205E-06, , ,2021-04-28
46,108,Pd,94,239,Pu,0,6.5816E-06,2.437E-06,2.1515E-06,1.0354E-06, , ,2021-04-28
46,107,Pd,94,239,Pu,1,2.4827E-07,9.3049E-08,5.3702E-08,2.3594E-08, , ,2021-04-28
46,107,Pd,94,239,Pu,0,1.3211E-07,4.9511E-08,2.4433E-08,1.0735E-08, , ,2021-04-28
46,106,Pd,94,239,Pu,0,1.3257E-08,4.822E-09,1.787E-09,6.6988E-10, , ,2021-04-28
46,105,Pd,94,239,Pu,0,2.7658E-10,1.0186E-10,2.0703E-11,7.5946E-12, , ,2021-04-28
46,104,Pd,94,239,Pu,0,3.7145E-12,1.3952E-12,0,0, , ,2021-04-28
46,102,Pd,94,239,Pu,0,0,0, , , , ,2021-04-28
45,122,Rh,94,239,Pu,0,1.3512E-11,4.8934E-12,1.7048E-12,6.4281E-13, , ,2021-04-28
45,121,Rh,94,239,Pu,0,3.9674E-10,1.5301E-10,8.0492E-11,3.0399E-11, , ,2021-04-28
45,120,Rh,94,239,Pu,0,6.5004E-08,2.4811E-08,2.7855E-08,1.0427E-08, , ,2021-04-28
45,119,Rh,94,239,Pu,0,4.8146E-07,1.7618E-07,2.234E-07,8.3725E-08, , ,2021-04-28
45,118,Rh,94,239,Pu,0,2.6378E-06,9.7077E-07,1.5017E-06,6.204E-07, , ,2021-04-28
45,117,Rh,94,239,Pu,0,1.1453E-05,4.0842E-06,8.2327E-06,3.3499E-06, , ,2021-04-28
45,116,Rh,94,239,Pu,1,3.4629E-05,1.1672E-05,3.5592E-05,1.2951E-05, , ,2021-04-28
45,116,Rh,94,239,Pu,0,1.4784E-05,4.9832E-06,1.3057E-05,4.7515E-06, , ,2021-04-28
45,115,Rh,94,239,Pu,0,0.0001058,3.0094E-05,0.00018745,5.741E-05, , ,2021-04-28
45,114,Rh,94,239,Pu,1,0.00014464,2.7103E-05,0.00024594,5.508E-05, , ,2021-04-28
45,114,Rh,94,239,Pu,0,0.00014464,2.7103E-05,0.00024594,5.508E-05, , ,2021-04-28
45,113,Rh,94,239,Pu,0,0.00049473,7.5172E-05,0.00081107,0.00014001, , ,2021-04-28
45,112,Rh,94,239,Pu,1,0.00024892,6.29E-05,0.00028786,7.785E-05, , ,2021-04-28
45,112,Rh,94,239,Pu,0,0.00024892,6.29E-05,0.00028786,7.785E-05, , ,2021-04-28
45,111,Rh,94,239,Pu,0,0.00054412,0.00017674,0.00036407,0.00015362, , ,2021-04-28
45,110,Rh,94,239,Pu,1,2.821E-05,9.4206E-06,1.1988E-05,7.4292E-06, , ,2021-04-28
45,110,Rh,94,239,Pu,0,0.0010568,0.00035291,0.00050923,0.00031558, , ,2021-04-28
45,109,Rh,94,239,Pu,0,0.0023799,0.00071108,0.00057848,0.000562, , ,2021-04-28
45,108,Rh,94,239,Pu,1,0.00073645,0.00027117,0.00036922,0.00022788, , ,2021-04-28
45,108,Rh,94,239,Pu,0,0.00024405,8.986E-05,0.00010597,6.5401E-05, , ,2021-04-28
45,107,Rh,94,239,Pu,0,0.0002203,8.3227E-05,9.7588E-05,4.4376E-05, , ,2021-04-28
45,106,Rh,94,239,Pu,1,1.9297E-05,7.0283E-06,6.9412E-06,2.609E-06, , ,2021-04-28
45,106,Rh,94,239,Pu,0,8.2388E-06,3.0007E-06,2.5465E-06,9.5714E-07, , ,2021-04-28
45,105,Rh,94,239,Pu,1,2.7292E-07,1.0052E-07,5.3747E-08,1.9718E-08, , ,2021-04-28
45,105,Rh,94,239,Pu,0,1.7853E-06,6.5754E-07,4.0367E-07,1.4809E-07, , ,2021-04-28
45,104,Rh,94,239,Pu,1,6.8165E-08,2.5604E-08,1.2493E-08,4.7581E-09, , ,2021-04-28
45,104,Rh,94,239,Pu,0,2.2589E-08,8.4845E-09,3.5856E-09,1.3656E-09, , ,2021-04-28
45,103,Rh,94,239,Pu,1,2.7095E-09,9.6819E-10,2.5426E-10,9.2009E-11, , ,2021-04-28
45,103,Rh,94,239,Pu,0,4.142E-10,1.4801E-10,3.3853E-11,1.2251E-11, , ,2021-04-28
45,102,Rh,94,239,Pu,1,1.8146E-11,6.6686E-12,1.0524E-12,3.975E-13, , ,2021-04-28
45,102,Rh,94,239,Pu,0,3.264E-11,1.1995E-11,2.2079E-12,8.339E-13, , ,2021-04-28
44,120,Ru,94,239,Pu,0,1.5886E-11,6.064E-12,2.6565E-12,9.9441E-13, , ,2021-04-28
44,119,Ru,94,239,Pu,0,2.8405E-10,1.0401E-10,5.528E-11,2.0723E-11, , ,2021-04-28
44,118,Ru,94,239,Pu,0,4.028E-09,1.4881E-09,1.0474E-09,4.3354E-10, , ,2021-04-28
44,117,Ru,94,239,Pu,0,4.4592E-08,1.618E-08,1.5933E-08,6.5462E-09, , ,2021-04-28
44,116,Ru,94,239,Pu,0,6.2214E-07,2.2672E-07,3.384E-07,1.3014E-07, , ,2021-04-28
44,115,Ru,94,239,Pu,0,4.0275E-06,1.4588E-06,4.3404E-06,1.6153E-06, , ,2021-04-28
44,114,Ru,94,239,Pu,0,3.5285E-05,1.2202E-05,4.1059E-05,1.5179E-05, , ,2021-04-28
44,113,Ru,94,239,Pu,1,9.961E-05,2.9513E-05,0.00013353,4.2349E-05, , ,2021-04-28
44,113,Ru,94,239,Pu,0,9.961E-05,2.9513E-05,0.00013353,4.2349E-05, , ,2021-04-28
44,112,Ru,94,239,Pu,0,0.0006889,0.00013156,0.00076562,0.00016045, , ,2021-04-28
44,111,Ru,94,239,Pu,0,0.0019895,0.0002615,0.0032957,0.00028803, , ,2021-04-28
44,110,Ru,94,239,Pu,0,0.0041419,0.00055073,0.0061503,0.0010621, , ,2021-04-28
44,109,Ru,94,239,Pu,0,0.011109,0.0016103,0.010451,0.0015304, , ,2021-04-28
44,108,Ru,94,239,Pu,0,0.010442,0.0018935,0.0082485,0.0024666, , ,2021-04-28
44,107,Ru,94,239,Pu,0,0.0070879,0.0020603,0.0045436,0.0020296, , ,2021-04-28
44,106,Ru,94,239,Pu,0,0.0029847,0.0010429,0.0018683,0.00072312, , ,2021-04-28
44,105,Ru,94,239,Pu,0,0.00077689,0.00028574,0.00037528,0.00013889, , ,2021-04-28
44,104,Ru,94,239,Pu,0,0.0001096,4.1175E-05,4.8348E-05,1.8441E-05, , ,2021-04-28
44,103,Ru,94,239,Pu,1,8.5008E-06,3.0378E-06,2.3174E-06,8.3873E-07, , ,2021-04-28
44,103,Ru,94,239,Pu,0,3.5212E-06,1.2584E-06,8.2824E-07,2.9977E-07, , ,2021-04-28
44,102,Ru,94,239,Pu,0,6.2967E-07,2.3141E-07,1.3059E-07,4.9323E-08, , ,2021-04-28
44,101,Ru,94,239,Pu,0,2.3984E-08,8.6959E-09,3.0765E-09,1.1689E-09, , ,2021-04-28
44,100,Ru,94,239,Pu,0,6.157E-10,2.4702E-10,4.4236E-11,1.6423E-11, , ,2021-04-28
44,99,Ru,94,239,Pu,0,9.1459E-12,3.2806E-12,0,0, , ,2021-04-28
43,117,Tc,94,239,Pu,0,8.2598E-12,2.9973E-12,1.1928E-12,4.901E-13, , ,2021-04-28
43,116,Tc,94,239,Pu,0,3.5737E-10,1.3036E-10,8.6126E-11,3.3137E-11, , ,2021-04-28
43,115,Tc,94,239,Pu,0,8.3369E-09,3.0432E-09,4.4948E-09,1.6812E-09, , ,2021-04-28
43,114,Tc,94,239,Pu,0,2.3561E-07,8.5496E-08,1.513E-07,5.8158E-08, , ,2021-04-28
43,113,Tc,94,239,Pu,0,5.4425E-06,1.9753E-06,4.5324E-06,1.7393E-06, , ,2021-04-28
43,112,Tc,94,239,Pu,0,6.4218E-05,2.2653E-05,4.9123E-05,1.8207E-05, , ,2021-04-28
43,111,Tc,94,239,Pu,0,0.00052188,0.00016665,0.00042901,0.00015928, , ,2021-04-28
43,110,Tc,94,239,Pu,0,0.00097162,0.00031956,0.00065872,0.00030476, , ,2021-04-28
43,109,Tc,94,239,Pu,0,0.0031075,0.0010401,0.0032066,0.0010516, , ,2021-04-28
43,108,Tc,94,239,Pu,0,0.0083244,0.0018206,0.011154,0.002621, , ,2021-04-28
43,107,Tc,94,239,Pu,0,0.019388,0.0027228,0.021994,0.0037269, , ,2021-04-28
43,106,Tc,94,239,Pu,0,0.019644,0.0037905,0.019338,0.003915, , ,2021-04-28
43,105,Tc,94,239,Pu,0,0.016385,0.0042062,0.013655,0.0037839, , ,2021-04-28
43,104,Tc,94,239,Pu,0,0.0060877,0.0021034,0.0052391,0.0019191, , ,2021-04-28
43,103,Tc,94,239,Pu,0,0.0022172,0.00077494,0.0013281,0.0004768, , ,2021-04-28
43,102,Tc,94,239,Pu,1,0.00016292,5.9685E-05,8.6895E-05,3.2809E-05, , ,2021-04-28
43,102,Tc,94,239,Pu,0,0.00016292,5.9685E-05,8.6895E-05,3.2809E-05, , ,2021-04-28
43,101,Tc,94,239,Pu,0,4.2728E-05,1.5486E-05,1.6317E-05,6.1994E-06, , ,2021-04-28
43,100,Tc,94,239,Pu,0,3.1366E-06,1.2584E-06,7.4916E-07,2.7813E-07, , ,2021-04-28
43,99,Tc,94,239,Pu,1,3.0809E-08,1.1051E-08,4.3569E-09,1.5436E-09, , ,2021-04-28
43,99,Tc,94,239,Pu,0,1.3324E-07,4.7793E-08,2.1639E-08,7.6662E-09, , ,2021-04-28
43,98,Tc,94,239,Pu,0,4.6253E-09,1.7213E-09,4.4566E-10,1.5945E-10, , ,2021-04-28
43,97,Tc,94,239,Pu,1,1.7855E-11,6.3527E-12, , , , ,2021-04-28
43,97,Tc,94,239,Pu,0,7.7219E-11,2.7474E-11,4.3598E-12,1.5878E-12, , ,2021-04-28
43,96,Tc,94,239,Pu,0,5.0774E-13,1.8129E-13, , , , ,2021-04-28
42,115,Mo,94,239,Pu,0,1.1498E-12,4.1972E-13, , , , ,2021-04-28
42,114,Mo,94,239,Pu,0,1.4898E-10,5.4075E-11,3.073E-11,1.1814E-11, , ,2021-04-28
42,113,Mo,94,239,Pu,0,1.1427E-08,4.1676E-09,3.3921E-09,1.3061E-09, , ,2021-04-28
42,112,Mo,94,239,Pu,0,7.0124E-07,2.5665E-07,2.3001E-07,8.7864E-08, , ,2021-04-28
42,111,Mo,94,239,Pu,0,1.2028E-05,4.407E-06,3.4825E-07,1.4222E-07, , ,2021-04-28
42,110,Mo,94,239,Pu,0,2.6903E-05,1.0095E-05,6.4951E-07,3.3429E-07, , ,2021-04-28
42,109,Mo,94,239,Pu,0,7.986E-05,3.2623E-05,4.8437E-05,2.3572E-05, , ,2021-04-28
42,108,Mo,94,239,Pu,0,0.0008032,0.00028641,0.00071942,0.00032784, , ,2021-04-28
42,107,Mo,94,239,Pu,0,0.0050067,0.0016105,0.0047176,0.0017603, , ,2021-04-28
42,106,Mo,94,239,Pu,0,0.018624,0.0037539,0.019352,0.0038955, , ,2021-04-28
42,105,Mo,94,239,Pu,0,0.035759,0.0047501,0.033257,0.0043857, , ,2021-04-28
42,104,Mo,94,239,Pu,0,0.041772,0.0048449,0.043252,0.0064278, , ,2021-04-28
42,103,Mo,94,239,Pu,0,0.033047,0.00595,0.024981,0.0057079, , ,2021-04-28
42,102,Mo,94,239,Pu,0,0.016671,0.004602,0.013064,0.0042773, , ,2021-04-28
42,101,Mo,94,239,Pu,0,0.0053094,0.0018183,0.0032935,0.0012293, , ,2021-04-28
42,100,Mo,94,239,Pu,0,0.0014392,0.00057216,0.0006592,0.00024409, , ,2021-04-28
42,99,Mo,94,239,Pu,0,0.00019121,6.8512E-05,6.3639E-05,2.2543E-05, , ,2021-04-28
42,98,Mo,94,239,Pu,0,2.0594E-05,7.6638E-06,4.906E-06,1.7553E-06, , ,2021-04-28
42,97,Mo,94,239,Pu,0,1.1014E-06,3.9188E-07,1.646E-07,5.9945E-08, , ,2021-04-28
42,96,Mo,94,239,Pu,0,4.8403E-08,1.7282E-08,5.0096E-09,1.8062E-09, , ,2021-04-28
42,95,Mo,94,239,Pu,0,1.0962E-09,3.9983E-10,6.519E-11,2.3766E-11, , ,2021-04-28
42,94,Mo,94,239,Pu,0,1.5155E-11,5.5694E-12,0,0, , ,2021-04-28
41,112,Nb,94,239,Pu,0,1.9367E-10,7.0911E-11,2.7847E-11,1.0639E-11, , ,2021-04-28
41,111,Nb,94,239,Pu,0,1.0113E-08,3.7162E-09, , , , ,2021-04-28
41,110,Nb,94,239,Pu,0,1.8454E-08,6.9482E-09,1.2216E-12,6.2878E-13, , ,2021-04-28
41,109,Nb,94,239,Pu,0,8.7851E-08,3.6063E-08,4.1716E-08,2.0464E-08, , ,2021-04-28
41,108,Nb,94,239,Pu,0,2.4387E-06,9.028E-07,1.8538E-06,8.9122E-07, , ,2021-04-28
41,107,Nb,94,239,Pu,0,6.597E-05,2.4677E-05,6.214E-05,2.7238E-05, , ,2021-04-28
41,106,Nb,94,239,Pu,0,0.00064506,0.00023159,0.00072501,0.00026708, , ,2021-04-28
41,105,Nb,94,239,Pu,0,0.0046652,0.0016011,0.0055448,0.0018348, , ,2021-04-28
41,104,Nb,94,239,Pu,1,0.006109,0.0018744,0.0088135,0.0025289, , ,2021-04-28
41,104,Nb,94,239,Pu,0,0.006109,0.0018744,0.0088135,0.0025289, , ,2021-04-28
41,103,Nb,94,239,Pu,0,0.030939,0.0058971,0.036303,0.0058797, , ,2021-04-28
41,102,Nb,94,239,Pu,1,0.016051,0.0028304,0.019911,0.0033813, , ,2021-04-28
41,102,Nb,94,239,Pu,0,0.016051,0.0028304,0.019911,0.0033813, , ,2021-04-28
41,101,Nb,94,239,Pu,0,0.03088,0.0056055,0.033326,0.0067894, , ,2021-04-28
41,100,Nb,94,239,Pu,1,0.01467,0.004499,0.013202,0.0040259, , ,2021-04-28
41,100,Nb,94,239,Pu,0,0.0034882,0.0010698,0.0027232,0.00083043, , ,2021-04-28
41,99,Nb,94,239,Pu,1,0.0015967,0.00052518,0.0010726,0.00036311, , ,2021-04-28
41,99,Nb,94,239,Pu,0,0.0069052,0.0022713,0.005327,0.0018034, , ,2021-04-28
41,98,Nb,94,239,Pu,1,0.0016978,0.0006247,0.0010494,0.00037439, , ,2021-04-28
41,98,Nb,94,239,Pu,0,0.00056261,0.00020701,0.00030118,0.00010745, , ,2021-04-28
41,97,Nb,94,239,Pu,1,8.4846E-05,3.0119E-05,3.3448E-05,1.2182E-05, , ,2021-04-28
41,97,Nb,94,239,Pu,0,0.00036694,0.00013026,0.00016612,6.0501E-05, , ,2021-04-28
41,96,Nb,94,239,Pu,0,5.0685E-05,1.8095E-05,1.7011E-05,6.1338E-06, , ,2021-04-28
41,95,Nb,94,239,Pu,1,8.3902E-07,3.0602E-07,1.7042E-07,6.2129E-08, , ,2021-04-28
41,95,Nb,94,239,Pu,0,3.6286E-06,1.3235E-06,8.4638E-07,3.0857E-07, , ,2021-04-28
41,94,Nb,94,239,Pu,1,6.9596E-08,2.5575E-08,9.5743E-09,3.4707E-09, , ,2021-04-28
41,94,Nb,94,239,Pu,0,9.8754E-08,3.6291E-08,1.6012E-08,5.8043E-09, , ,2021-04-28
41,93,Nb,94,239,Pu,1,1.052E-09,3.716E-10,8.4643E-11,3.0388E-11, , ,2021-04-28
41,93,Nb,94,239,Pu,0,4.5498E-09,1.6071E-09,4.2039E-10,1.5092E-10, , ,2021-04-28
41,92,Nb,94,239,Pu,1,2.7338E-11,9.5834E-12,1.2384E-12,4.3946E-13, , ,2021-04-28
41,92,Nb,94,239,Pu,0,3.8791E-11,1.3599E-11,2.071E-12,7.3494E-13, , ,2021-04-28
40,110,Zr,94,239,Pu,0,1.211E-12,4.5596E-13, , , , ,2021-04-28
40,109,Zr,94,239,Pu,0,6.935E-12,2.8469E-12,1.2966E-12,6.3604E-13, , ,2021-04-28
40,108,Zr,94,239,Pu,0,8.2926E-10,3.0703E-10,2.9621E-10,1.4242E-10, , ,2021-04-28
40,107,Zr,94,239,Pu,0,7.0839E-08,2.6548E-08,3.5384E-08,1.5546E-08, , ,2021-04-28
40,106,Zr,94,239,Pu,0,2.9499E-06,1.0729E-06,2.0911E-06,7.8381E-07, , ,2021-04-28
40,105,Zr,94,239,Pu,0,5.8697E-05,2.1596E-05,4.8094E-05,1.7624E-05, , ,2021-04-28
40,104,Zr,94,239,Pu,0,0.00055318,0.00020591,0.0006302,0.00023743, , ,2021-04-28
40,103,Zr,94,239,Pu,0,0.0032446,0.0011037,0.0032361,0.0011084, , ,2021-04-28
40,102,Zr,94,239,Pu,0,0.011577,0.003437,0.014357,0.0042266, , ,2021-04-28
40,101,Zr,94,239,Pu,0,0.024564,0.0053235,0.028339,0.0062406, , ,2021-04-28
40,100,Zr,94,239,Pu,0,0.044664,0.0064933,0.044149,0.0056495, , ,2021-04-28
40,99,Zr,94,239,Pu,0,0.040046,0.0048811,0.03421,0.0048877, , ,2021-04-28
40,98,Zr,94,239,Pu,0,0.031356,0.0056743,0.024014,0.0051467, , ,2021-04-28
40,97,Zr,94,239,Pu,0,0.014259,0.0039949,0.0091442,0.0030417, , ,2021-04-28
40,96,Zr,94,239,Pu,0,0.0058169,0.0019787,0.003382,0.0012158, , ,2021-04-28
40,95,Zr,94,239,Pu,0,0.0013294,0.00048353,0.00057563,0.0002103, , ,2021-04-28
40,94,Zr,94,239,Pu,0,0.00019794,7.2754E-05,6.7582E-05,2.4511E-05, , ,2021-04-28
40,93,Zr,94,239,Pu,0,1.7392E-05,6.1438E-06,3.8816E-06,1.3935E-06, , ,2021-04-28
40,92,Zr,94,239,Pu,0,8.6261E-07,3.0239E-07,1.2769E-07,4.5315E-08, , ,2021-04-28
40,91,Zr,94,239,Pu,0,2.2257E-08,7.9045E-09,2.0033E-09,7.0825E-10, , ,2021-04-28
40,90,Zr,94,239,Pu,1,3.5561E-10,1.3083E-10,1.8586E-11,6.827E-12, , ,2021-04-28
40,90,Zr,94,239,Pu,0,8.4557E-11,3.1109E-11,3.8338E-12,1.4082E-12, , ,2021-04-28
40,89,Zr,94,239,Pu,0,4.2208E-12,1.5335E-12, , , , ,2021-04-28
39,107,Y,94,239,Pu,0,2.6422E-12,9.9021E-13, , , , ,2021-04-28
39,106,Y,94,239,Pu,0,3.285E-10,1.1949E-10,1.5234E-10,5.7106E-11, , ,2021-04-28
39,105,Y,94,239,Pu,0,2.8423E-08,1.0467E-08,1.821E-08,6.6799E-09, , ,2021-04-28
39,104,Y,94,239,Pu,0,6.9953E-07,2.6275E-07,6.8009E-07,2.5901E-07, , ,2021-04-28
39,103,Y,94,239,Pu,0,1.5266E-05,5.4532E-06,1.5082E-05,5.4557E-06, , ,2021-04-28
39,102,Y,94,239,Pu,1,6.5455E-05,2.3985E-05,8.5205E-05,3.2043E-05, , ,2021-04-28
39,102,Y,94,239,Pu,0,6.5455E-05,2.3985E-05,8.5205E-05,3.2043E-05, , ,2021-04-28
39,101,Y,94,239,Pu,0,0.00096257,0.00034203,0.0013387,0.00049275, , ,2021-04-28
39,100,Y,94,239,Pu,1,0.0020429,0.00075805,0.0026793,0.0008856, , ,2021-04-28
39,100,Y,94,239,Pu,0,0.0020429,0.00075805,0.0026793,0.0008856, , ,2021-04-28
39,99,Y,94,239,Pu,0,0.012936,0.0035648,0.017443,0.0041214, , ,2021-04-28
39,98,Y,94,239,Pu,1,0.01866,0.0041348,0.023783,0.0041889, , ,2021-04-28
39,98,Y,94,239,Pu,0,0.0044369,0.00098317,0.0049058,0.00086406, , ,2021-04-28
39,97,Y,94,239,Pu,29,0.0051987,0.00078339,0.0068839,0.00085611, , ,2021-04-28
39,97,Y,94,239,Pu,1,0.019347,0.0029154,0.020031,0.0024911, , ,2021-04-28
39,97,Y,94,239,Pu,0,0.0056762,0.00085535,0.0054192,0.00067395, , ,2021-04-28
39,96,Y,94,239,Pu,1,0.014727,0.0028061,0.015222,0.0030074, , ,2021-04-28
39,96,Y,94,239,Pu,0,0.0081875,0.00156,0.0072559,0.0014335, , ,2021-04-28
39,95,Y,94,239,Pu,0,0.015859,0.0041342,0.01366,0.0038706, , ,2021-04-28
39,94,Y,94,239,Pu,0,0.0059109,0.0020533,0.0045644,0.0016212, , ,2021-04-28
39,93,Y,94,239,Pu,1,0.0017062,0.0005969,0.001045,0.00037541, , ,2021-04-28
39,93,Y,94,239,Pu,0,0.00026082,9.1249E-05,0.00013913,4.9985E-05, , ,2021-04-28
39,92,Y,94,239,Pu,0,0.00026862,9.4034E-05,0.00011935,4.2365E-05, , ,2021-04-28
39,91,Y,94,239,Pu,1,2.2888E-05,8.1277E-06,7.551E-06,2.6697E-06, , ,2021-04-28
39,91,Y,94,239,Pu,0,5.2922E-06,1.8793E-06,1.5203E-06,5.3753E-07, , ,2021-04-28
39,90,Y,94,239,Pu,1,8.8729E-07,3.2643E-07,1.9096E-07,7.0146E-08, , ,2021-04-28
39,90,Y,94,239,Pu,0,6.2531E-07,2.3004E-07,1.1419E-07,4.1944E-08, , ,2021-04-28
39,89,Y,94,239,Pu,1,5.8176E-08,2.1137E-08,7.9547E-09,2.8022E-09, , ,2021-04-28
39,89,Y,94,239,Pu,0,1.3452E-08,4.8875E-09,1.6016E-09,5.6421E-10, , ,2021-04-28
39,88,Y,94,239,Pu,1,5.6198E-10,2.0136E-10,4.9435E-11,1.7279E-11, , ,2021-04-28
39,88,Y,94,239,Pu,0,7.6252E-10,2.7321E-10,5.5835E-11,1.9517E-11, , ,2021-04-28
39,87,Y,94,239,Pu,1,1.5814E-11,5.6976E-12, , , , ,2021-04-28
39,87,Y,94,239,Pu,0,3.6567E-12,1.3174E-12, , , , ,2021-04-28
38,104,Sr,94,239,Pu,0,9.5326E-11,3.5805E-11,4.2764E-11,1.6287E-11, , ,2021-04-28
38,103,Sr,94,239,Pu,0,5.4893E-09,1.9615E-09,2.7385E-09,9.9103E-10, , ,2021-04-28
38,102,Sr,94,239,Pu,0,1.8206E-07,6.6906E-08,1.4007E-07,5.2905E-08, , ,2021-04-28
38,101,Sr,94,239,Pu,0,3.364E-06,1.2195E-06,2.9806E-06,1.1323E-06, , ,2021-04-28
38,100,Sr,94,239,Pu,0,5.1081E-05,2.0463E-05,4.8969E-05,1.8151E-05, , ,2021-04-28
38,99,Sr,94,239,Pu,0,0.00037578,0.00013345,0.00038761,0.00013566, , ,2021-04-28
38,98,Sr,94,239,Pu,0,0.0023077,0.00080858,0.0025488,0.00084749, , ,2021-04-28
38,97,Sr,94,239,Pu,0,0.0073066,0.0021511,0.0076504,0.0022502, , ,2021-04-28
38,96,Sr,94,239,Pu,0,0.020107,0.0040292,0.022405,0.004232, , ,2021-04-28
38,95,Sr,94,239,Pu,0,0.029868,0.0043181,0.029272,0.0041226, , ,2021-04-28
38,94,Sr,94,239,Pu,0,0.030607,0.0032709,0.02869,0.0034802, , ,2021-04-28
38,93,Sr,94,239,Pu,0,0.01988,0.0033347,0.015509,0.0034505, , ,2021-04-28
38,92,Sr,94,239,Pu,0,0.0095558,0.0024723,0.0067477,0.0021008, , ,2021-04-28
38,91,Sr,94,239,Pu,0,0.0026778,0.00090689,0.001537,0.00053734, , ,2021-04-28
38,90,Sr,94,239,Pu,0,0.00056586,0.00020654,0.00024035,8.8195E-05, , ,2021-04-28
38,89,Sr,94,239,Pu,0,7.0402E-05,2.5558E-05,2.1764E-05,7.6671E-06, , ,2021-04-28
38,88,Sr,94,239,Pu,0,5.3786E-06,1.927E-06,1.1835E-06,4.1367E-07, , ,2021-04-28
38,87,Sr,94,239,Pu,1,4.0831E-08,1.4711E-08,4.5916E-09,1.6412E-09, , ,2021-04-28
38,87,Sr,94,239,Pu,0,1.7659E-07,6.362E-08,2.2804E-08,8.1512E-09, , ,2021-04-28
38,86,Sr,94,239,Pu,0,6.8923E-09,2.4705E-09,5.0675E-10,1.7926E-10, , ,2021-04-28
38,85,Sr,94,239,Pu,1,1.8764E-11,6.9118E-12, , , , ,2021-04-28
38,85,Sr,94,239,Pu,0,8.1152E-11,2.9892E-11,3.4817E-12,1.2291E-12, , ,2021-04-28
38,84,Sr,94,239,Pu,0,1.0634E-12,4.1279E-13,0,0, , ,2021-04-28
37,102,Rb,94,239,Pu,0,5.9351E-12,2.1812E-12,2.7843E-12,1.0516E-12, , ,2021-04-28
37,101,Rb,94,239,Pu,0,4.2709E-10,1.5485E-10,2.7048E-10,1.0277E-10, , ,2021-04-28
37,100,Rb,94,239,Pu,0,1.6792E-08,6.7368E-09,1.255E-08,4.6592E-09, , ,2021-04-28
37,99,Rb,94,239,Pu,0,4.6693E-07,1.6748E-07,4.3763E-07,1.5504E-07, , ,2021-04-28
37,98,Rb,94,239,Pu,1,3.5055E-06,1.3042E-06,3.7853E-06,1.3539E-06, , ,2021-04-28
37,98,Rb,94,239,Pu,0,3.5055E-06,1.3042E-06,3.7853E-06,1.3539E-06, , ,2021-04-28
37,97,Rb,94,239,Pu,0,7.7671E-05,2.7557E-05,9.1221E-05,3.3099E-05, , ,2021-04-28
37,96,Rb,94,239,Pu,1,0.0002423,8.51E-05,0.00032112,0.00011315, , ,2021-04-28
37,96,Rb,94,239,Pu,0,0.0002423,8.51E-05,0.00032112,0.00011315, , ,2021-04-28
37,95,Rb,94,239,Pu,0,0.0025845,0.00087011,0.0035383,0.0011472, , ,2021-04-28
37,94,Rb,94,239,Pu,0,0.0067684,0.0020159,0.0096602,0.0025809, , ,2021-04-28
37,93,Rb,94,239,Pu,0,0.015702,0.0031348,0.020491,0.0034149, , ,2021-04-28
37,92,Rb,94,239,Pu,0,0.015833,0.0026699,0.018194,0.0026761, , ,2021-04-28
37,91,Rb,94,239,Pu,0,0.012748,0.0020924,0.013278,0.0022655, , ,2021-04-28
37,90,Rb,94,239,Pu,1,0.0053166,0.0014799,0.0046808,0.0014361, , ,2021-04-28
37,90,Rb,94,239,Pu,0,0.00059862,0.00016663,0.00046011,0.00014117, , ,2021-04-28
37,89,Rb,94,239,Pu,0,0.0026462,0.00087872,0.0020224,0.00068757, , ,2021-04-28
37,88,Rb,94,239,Pu,0,0.0005422,0.00019094,0.0003327,0.00011597, , ,2021-04-28
37,87,Rb,94,239,Pu,0,8.6215E-05,3.0932E-05,3.6176E-05,1.2927E-05, , ,2021-04-28
37,86,Rb,94,239,Pu,1,4.7677E-06,1.708E-06,1.3677E-06,4.8385E-07, , ,2021-04-28
37,86,Rb,94,239,Pu,0,2.6505E-06,9.4956E-07,6.5196E-07,2.3064E-07, , ,2021-04-28
37,85,Rb,94,239,Pu,0,4.4015E-07,1.6212E-07,8.1358E-08,2.8722E-08, , ,2021-04-28
37,84,Rb,94,239,Pu,1,8.4039E-09,3.2623E-09,1.0434E-09,3.6252E-10, , ,2021-04-28
37,84,Rb,94,239,Pu,0,4.672E-09,1.8136E-09,4.9734E-10,1.728E-10, , ,2021-04-28
37,83,Rb,94,239,Pu,1,1.825E-10,6.6976E-11,1.2181E-11,4.3789E-12, , ,2021-04-28
37,83,Rb,94,239,Pu,0,7.5597E-11,2.7744E-11,4.3537E-12,1.5651E-12, , ,2021-04-28
37,82,Rb,94,239,Pu,1,2.5469E-12,9.9438E-13, , , , ,2021-04-28
36,99,Kr,94,239,Pu,0,4.1933E-11,1.5041E-11,1.8008E-11,6.3797E-12, , ,2021-04-28
36,98,Kr,94,239,Pu,0,2.4396E-09,9.0791E-10,1.4136E-09,5.0577E-10, , ,2021-04-28
36,97,Kr,94,239,Pu,0,6.9594E-08,2.4762E-08,4.776E-08,1.7394E-08, , ,2021-04-28
36,96,Kr,94,239,Pu,0,1.6255E-06,5.8033E-07,1.4616E-06,5.2693E-07, , ,2021-04-28
36,95,Kr,94,239,Pu,0,2.1187E-05,7.7202E-06,2.1028E-05,7.6571E-06, , ,2021-04-28
36,94,Kr,94,239,Pu,0,0.00020089,7.3181E-05,0.00023883,8.5583E-05, , ,2021-04-28
36,93,Kr,94,239,Pu,0,0.0010945,0.00036913,0.0012927,0.00043762, , ,2021-04-28
36,92,Kr,94,239,Pu,0,0.0043385,0.0012329,0.0054428,0.0014844, , ,2021-04-28
36,91,Kr,94,239,Pu,0,0.0087523,0.0018838,0.010617,0.0021217, , ,2021-04-28
36,90,Kr,94,239,Pu,0,0.012878,0.0017567,0.013713,0.0017423, , ,2021-04-28
36,89,Kr,94,239,Pu,0,0.011291,0.0013358,0.01035,0.0014519, , ,2021-04-28
36,88,Kr,94,239,Pu,0,0.0073933,0.0011095,0.0061138,0.0013119, , ,2021-04-28
36,87,Kr,94,239,Pu,0,0.0028045,0.00075997,0.0018386,0.0006037, , ,2021-04-28
36,86,Kr,94,239,Pu,0,0.00091913,0.00030091,0.0004777,0.00016697, , ,2021-04-28
36,85,Kr,94,239,Pu,1,2.6976E-05,9.7675E-06,9.6134E-06,3.3906E-06, , ,2021-04-28
36,85,Kr,94,239,Pu,0,0.00011666,4.2243E-05,4.7746E-05,1.684E-05, , ,2021-04-28
36,84,Kr,94,239,Pu,0,1.7034E-05,6.594E-06,5.1986E-06,1.8062E-06, , ,2021-04-28
36,83,Kr,94,239,Pu,1,1.724E-07,6.3251E-08,2.8415E-08,1.0215E-08, , ,2021-04-28
36,83,Kr,94,239,Pu,0,7.4559E-07,2.7355E-07,1.4112E-07,5.0732E-08, , ,2021-04-28
36,82,Kr,94,239,Pu,0,4.9754E-08,1.9425E-08,4.5609E-09,1.5857E-09, , ,2021-04-28
36,81,Kr,94,239,Pu,1,1.5484E-10,6.0748E-11,5.3706E-12,1.9256E-12, , ,2021-04-28
36,81,Kr,94,239,Pu,0,1.0129E-09,3.9738E-10,4.0336E-11,1.4462E-11, , ,2021-04-28
36,80,Kr,94,239,Pu,0,1.4378E-11,5.8058E-12,0,0, , ,2021-04-28
35,97,Br,94,239,Pu,0,2.1593E-12,7.6829E-13, , , , ,2021-04-28
35,96,Br,94,239,Pu,0,1.3226E-10,4.7223E-11,8.3994E-11,3.0283E-11, , ,2021-04-28
35,95,Br,94,239,Pu,0,6.74E-09,2.4584E-09,5.5403E-09,2.0198E-09, , ,2021-04-28
35,94,Br,94,239,Pu,0,1.6999E-07,6.247E-08,1.8301E-07,6.6339E-08, , ,2021-04-28
35,93,Br,94,239,Pu,0,3.4904E-06,1.2326E-06,4.3269E-06,1.5528E-06, , ,2021-04-28
35,92,Br,94,239,Pu,0,3.5109E-05,1.2281E-05,4.9612E-05,1.7535E-05, , ,2021-04-28
35,91,Br,94,239,Pu,0,0.00026161,9.1398E-05,0.00041671,0.00014272, , ,2021-04-28
35,90,Br,94,239,Pu,0,0.00094759,0.0003279,0.0014849,0.00048624, , ,2021-04-28
35,89,Br,94,239,Pu,0,0.0030105,0.00086176,0.0049776,0.0011657, , ,2021-04-28
35,88,Br,94,239,Pu,0,0.0045924,0.0010372,0.0071645,0.0012721, , ,2021-04-28
35,87,Br,94,239,Pu,0,0.005476,0.00085584,0.0065587,0.00084151, , ,2021-04-28
35,86,Br,94,239,Pu,0,0.0038838,0.00067019,0.0035428,0.00074388, , ,2021-04-28
35,85,Br,94,239,Pu,0,0.0020941,0.00051175,0.0017087,0.00050614, , ,2021-04-28
35,84,Br,94,239,Pu,1,0.00030233,0.0001041,0.00022583,7.693E-05, , ,2021-04-28
35,84,Br,94,239,Pu,0,0.00030233,0.0001041,0.00022583,7.693E-05, , ,2021-04-28
35,83,Br,94,239,Pu,0,0.00012253,4.3198E-05,6.905E-05,2.4726E-05, , ,2021-04-28
35,82,Br,94,239,Pu,1,5.2327E-06,2.0302E-06,1.4883E-06,5.1721E-07, , ,2021-04-28
35,82,Br,94,239,Pu,0,1.2256E-05,4.7551E-06,4.0569E-06,1.4098E-06, , ,2021-04-28
35,81,Br,94,239,Pu,0,1.6504E-06,6.4702E-07,2.6762E-07,9.5945E-08, , ,2021-04-28
35,80,Br,94,239,Pu,1,4.2129E-08,1.701E-08,4.4245E-09,1.667E-09, , ,2021-04-28
35,80,Br,94,239,Pu,0,1.3961E-08,5.6368E-09,1.2698E-09,4.7845E-10, , ,2021-04-28
35,79,Br,94,239,Pu,1,1.1406E-09,4.58E-10,7.3256E-11,2.775E-11, , ,2021-04-28
35,79,Br,94,239,Pu,0,3.4862E-10,1.3999E-10,1.9344E-11,7.3278E-12, , ,2021-04-28
35,78,Br,94,239,Pu,0,2.1386E-11,8.0106E-12, , , , ,2021-04-28
34,94,Se,94,239,Pu,0,1.5358E-11,5.6442E-12,8.1086E-12,2.9393E-12, , ,2021-04-28
34,93,Se,94,239,Pu,0,8.465E-10,2.99E-10,5.6414E-10,2.0253E-10, , ,2021-04-28
34,92,Se,94,239,Pu,0,3.5486E-08,1.244E-08,3.1898E-08,1.132E-08, , ,2021-04-28
34,91,Se,94,239,Pu,0,7.1515E-07,2.5397E-07,7.8751E-07,2.7838E-07, , ,2021-04-28
34,90,Se,94,239,Pu,0,9.8659E-06,3.6278E-06,1.2208E-05,4.4764E-06, , ,2021-04-28
34,89,Se,94,239,Pu,0,7.5557E-05,2.7337E-05,0.00010332,3.5906E-05, , ,2021-04-28
34,88,Se,94,239,Pu,0,0.00042403,0.00014748,0.00066655,0.0002141, , ,2021-04-28
34,87,Se,94,239,Pu,0,0.0011826,0.00037668,0.001735,0.00048672, , ,2021-04-28
34,86,Se,94,239,Pu,0,0.0028047,0.00062268,0.0039281,0.00071833, , ,2021-04-28
34,85,Se,94,239,Pu,0,0.0033796,0.00054049,0.0039222,0.0005725, , ,2021-04-28
34,84,Se,94,239,Pu,0,0.0034374,0.00036432,0.0031779,0.00042528, , ,2021-04-28
34,83,Se,94,239,Pu,1,0.00030764,4.914E-05,0.00019405,5.1049E-05, , ,2021-04-28
34,83,Se,94,239,Pu,0,0.0013305,0.00021252,0.00096375,0.00025354, , ,2021-04-28
34,82,Se,94,239,Pu,0,0.00082918,0.00023021,0.00042078,0.00013467, , ,2021-04-28
34,81,Se,94,239,Pu,1,0.0001621,5.8079E-05,5.2308E-05,1.8425E-05, , ,2021-04-28
34,81,Se,94,239,Pu,0,2.478E-05,8.8785E-06,6.9646E-06,2.4532E-06, , ,2021-04-28
34,80,Se,94,239,Pu,0,2.4121E-05,9.5707E-06,5.9104E-06,2.2196E-06, , ,2021-04-28
34,79,Se,94,239,Pu,1,2.2716E-07,9.1029E-08,3.3824E-08,1.2809E-08, , ,2021-04-28
34,79,Se,94,239,Pu,0,1.4859E-06,5.9546E-07,2.5404E-07,9.6201E-08, , ,2021-04-28
34,78,Se,94,239,Pu,0,9.6298E-08,3.6063E-08,1.0834E-08,4.132E-09, , ,2021-04-28
34,77,Se,94,239,Pu,1,1.3307E-09,4.9917E-10,1.7365E-10,6.778E-11, , ,2021-04-28
34,77,Se,94,239,Pu,0,2.0342E-10,7.6309E-11,2.3121E-11,9.0246E-12, , ,2021-04-28
34,76,Se,94,239,Pu,0,3.4835E-11,1.3429E-11,2.9261E-12,1.132E-12, , ,2021-04-28
34,74,Se,94,239,Pu,0,0,0,0,0, , ,2021-04-28
33,91,As,94,239,Pu,0,7.0349E-11,2.4984E-11,6.0374E-11,2.1344E-11, , ,2021-04-28
33,90,As,94,239,Pu,0,2.6471E-09,9.7386E-10,2.8022E-09,1.0293E-09, , ,2021-04-28
33,89,As,94,239,Pu,0,7.966E-08,2.8944E-08,1.0845E-07,3.8202E-08, , ,2021-04-28
33,88,As,94,239,Pu,0,1.2131E-06,4.3473E-07,2.0046E-06,7.0026E-07, , ,2021-04-28
33,87,As,94,239,Pu,0,1.2974E-05,4.6793E-06,2.2297E-05,7.9194E-06, , ,2021-04-28
33,86,As,94,239,Pu,0,7.6301E-05,2.7474E-05,0.00013445,4.5857E-05, , ,2021-04-28
33,85,As,94,239,Pu,0,0.00030552,0.00011273,0.00062704,0.00018724, , ,2021-04-28
33,84,As,94,239,Pu,1,0.00031484,0.00011517,0.0007215,0.00016947, , ,2021-04-28
33,84,As,94,239,Pu,0,0.00031484,0.00011517,0.0007215,0.00016947, , ,2021-04-28
33,83,As,94,239,Pu,0,0.00096442,0.00025077,0.0018928,0.00031298, , ,2021-04-28
33,82,As,94,239,Pu,1,0.00084777,0.00020188,0.0010594,0.00018992, , ,2021-04-28
33,82,As,94,239,Pu,0,0.00028093,6.6899E-05,0.00030404,5.4508E-05, , ,2021-04-28
33,81,As,94,239,Pu,0,0.00094457,0.0002173,0.00069017,0.00015375, , ,2021-04-28
33,80,As,94,239,Pu,0,0.00029771,9.7466E-05,0.00017731,5.7633E-05, , ,2021-04-28
33,79,As,94,239,Pu,0,7.776E-05,2.8573E-05,3.7873E-05,1.3615E-05, , ,2021-04-28
33,78,As,94,239,Pu,0,1.0835E-05,3.9598E-06,3.9235E-06,1.482E-06, , ,2021-04-28
33,77,As,94,239,Pu,0,6.4385E-07,2.4023E-07,3.1513E-07,1.2283E-07, , ,2021-04-28
33,76,As,94,239,Pu,0,3.6706E-08,1.4141E-08,1.2933E-08,5.0029E-09, , ,2021-04-28
33,75,As,94,239,Pu,1,1.1902E-09,4.6511E-10,3.1803E-10,1.2433E-10, , ,2021-04-28
33,75,As,94,239,Pu,0,3.6379E-10,1.4216E-10,8.398E-11,3.2831E-11, , ,2021-04-28
33,74,As,94,239,Pu,0,3.3046E-11,1.3256E-11,5.7573E-12,2.2884E-12, , ,2021-04-28
32,89,Ge,94,239,Pu,0,6.0116E-12,2.1842E-12,4.1471E-12,1.4609E-12, , ,2021-04-28
32,88,Ge,94,239,Pu,0,3.8505E-10,1.3797E-10,3.8213E-10,1.3356E-10, , ,2021-04-28
32,87,Ge,94,239,Pu,0,1.1256E-08,4.0552E-09,1.2678E-08,4.5316E-09, , ,2021-04-28
32,86,Ge,94,239,Pu,0,2.6854E-07,9.6256E-08,3.5359E-07,1.2507E-07, , ,2021-04-28
32,85,Ge,94,239,Pu,0,2.9459E-06,1.0852E-06,4.4494E-06,1.5685E-06, , ,2021-04-28
32,84,Ge,94,239,Pu,0,2.4249E-05,9.4061E-06,4.2984E-05,1.4744E-05, , ,2021-04-28
32,83,Ge,94,239,Pu,0,8.9952E-05,3.2513E-05,0.00015098,5.1688E-05, , ,2021-04-28
32,82,Ge,94,239,Pu,0,0.00034584,0.00012351,0.00046157,0.0001359, , ,2021-04-28
32,81,Ge,94,239,Pu,1,0.00011584,3.4482E-05,9.2728E-05,2.3435E-05, , ,2021-04-28
32,81,Ge,94,239,Pu,0,0.00050097,0.00014913,0.00046054,0.00011639, , ,2021-04-28
32,80,Ge,94,239,Pu,0,0.00062809,0.0001325,0.00051253,9.4013E-05, , ,2021-04-28
32,79,Ge,94,239,Pu,1,0.00031541,6.2042E-05,0.00022635,4.6993E-05, , ,2021-04-28
32,79,Ge,94,239,Pu,0,4.8217E-05,9.4845E-06,3.0138E-05,6.2569E-06, , ,2021-04-28
32,78,Ge,94,239,Pu,0,0.00016733,3.1864E-05,0.00010218,2.7127E-05, , ,2021-04-28
32,77,Ge,94,239,Pu,1,3.0167E-06,8.9138E-07,2.4293E-06,8.5387E-07, , ,2021-04-28
32,77,Ge,94,239,Pu,0,1.9733E-05,5.8309E-06,1.8246E-05,6.4131E-06, , ,2021-04-28
32,76,Ge,94,239,Pu,0,4.506E-06,1.5999E-06,3.4841E-06,1.3045E-06, , ,2021-04-28
32,75,Ge,94,239,Pu,1,4.0012E-07,1.5372E-07,2.5464E-07,9.9034E-08, , ,2021-04-28
32,75,Ge,94,239,Pu,0,6.1167E-08,2.3499E-08,3.3904E-08,1.3186E-08, , ,2021-04-28
32,74,Ge,94,239,Pu,0,3.6136E-08,1.4454E-08,1.7974E-08,7.1396E-09, , ,2021-04-28
32,73,Ge,94,239,Pu,1,3.0679E-10,1.201E-10,9.6859E-11,3.7757E-11, , ,2021-04-28
32,73,Ge,94,239,Pu,0,1.3268E-09,5.1939E-10,4.8106E-10,1.8752E-10, , ,2021-04-28
32,72,Ge,94,239,Pu,0,5.5182E-11,2.1282E-11,1.4057E-11,5.4701E-12, , ,2021-04-28
32,71,Ge,94,239,Pu,0,2.0412E-13,7.9167E-14, , , , ,2021-04-28
32,70,Ge,94,239,Pu,0,0,0,0,0, , ,2021-04-28
31,86,Ga,94,239,Pu,0,2.246E-11,8.0504E-12,2.3877E-11,8.4467E-12, , ,2021-04-28
31,85,Ga,94,239,Pu,0,1.0135E-09,3.7333E-10,1.4577E-09,5.1463E-10, , ,2021-04-28
31,84,Ga,94,239,Pu,0,2.2852E-08,8.8707E-09,4.1944E-08,1.4573E-08, , ,2021-04-28
31,83,Ga,94,239,Pu,0,3.3756E-07,1.2388E-07,6.7575E-07,2.4286E-07, , ,2021-04-28
31,82,Ga,94,239,Pu,0,3.4073E-06,1.3293E-06,5.7432E-06,1.9925E-06, , ,2021-04-28
31,81,Ga,94,239,Pu,0,2.2294E-05,8.682E-06,2.9476E-05,1.0406E-05, , ,2021-04-28
31,80,Ga,94,239,Pu,0,5.3533E-05,2.0942E-05,6.9121E-05,2.4577E-05, , ,2021-04-28
31,79,Ga,94,239,Pu,0,0.0001041,3.698E-05,0.0001309,3.9623E-05, , ,2021-04-28
31,78,Ga,94,239,Pu,0,0.00010206,2.8293E-05,0.00011505,2.835E-05, , ,2021-04-28
31,77,Ga,94,239,Pu,0,4.3157E-05,8.5671E-06,8.1374E-05,1.5872E-05, , ,2021-04-28
31,76,Ga,94,239,Pu,0,1.7973E-05,4.3543E-06,3.084E-05,7.8739E-06, , ,2021-04-28
31,75,Ga,94,239,Pu,0,5.9719E-06,1.7561E-06,9.6861E-06,3.0595E-06, , ,2021-04-28
31,74,Ga,94,239,Pu,1,5.334E-07,1.9491E-07,7.5615E-07,2.8389E-07, , ,2021-04-28
31,74,Ga,94,239,Pu,0,5.334E-07,1.9491E-07,7.5615E-07,2.8389E-07, , ,2021-04-28
31,73,Ga,94,239,Pu,0,1.6975E-07,6.4143E-08,2.024E-07,7.7637E-08, , ,2021-04-28
31,72,Ga,94,239,Pu,1,1.4174E-09,5.4256E-10,1.1857E-09,4.6035E-10, , ,2021-04-28
31,72,Ga,94,239,Pu,0,1.2589E-08,4.8187E-09,1.2062E-08,4.6832E-09, , ,2021-04-28
31,71,Ga,94,239,Pu,0,1.0236E-09,3.9655E-10,6.3495E-10,2.4861E-10, , ,2021-04-28
31,70,Ga,94,239,Pu,0,3.7703E-11,1.471E-11,1.4693E-11,5.7996E-12, , ,2021-04-28
31,69,Ga,94,239,Pu,0,1.0979E-12,4.341E-13,0,0, , ,2021-04-28
30,83,Zn,94,239,Pu,0,9.3822E-11,3.4432E-11,1.1747E-10,4.2228E-11, , ,2021-04-28
30,82,Zn,94,239,Pu,0,3.8718E-09,1.5116E-09,4.8077E-09,1.6715E-09, , ,2021-04-28
30,81,Zn,94,239,Pu,0,6.8396E-08,2.6834E-08,7.2683E-08,2.6058E-08, , ,2021-04-28
30,80,Zn,94,239,Pu,0,6.428E-07,2.5946E-07,7.7529E-07,2.9193E-07, , ,2021-04-28
30,79,Zn,94,239,Pu,0,3.1763E-06,1.2713E-06,3.995E-06,1.5046E-06, , ,2021-04-28
30,78,Zn,94,239,Pu,0,1.0877E-05,3.975E-06,1.387E-05,5.0963E-06, , ,2021-04-28
30,77,Zn,94,239,Pu,1,1.3497E-06,4.6137E-07,2.6482E-06,9.1914E-07, , ,2021-04-28
30,77,Zn,94,239,Pu,0,8.8293E-06,3.018E-06,1.989E-05,6.9034E-06, , ,2021-04-28
30,76,Zn,94,239,Pu,0,1.3181E-05,3.7899E-06,2.9334E-05,7.7184E-06, , ,2021-04-28
30,75,Zn,94,239,Pu,0,8.997E-06,2.0696E-06,1.9635E-05,4.1721E-06, , ,2021-04-28
30,74,Zn,94,239,Pu,0,4.937E-06,9.1162E-07,1.0685E-05,2.0666E-06, , ,2021-04-28
30,73,Zn,94,239,Pu,2,1.2811E-06,2.844E-07,2.6002E-06,7.0421E-07, , ,2021-04-28
30,73,Zn,94,239,Pu,1,2.2615E-07,5.0204E-08,3.9869E-07,1.0798E-07, , ,2021-04-28
30,73,Zn,94,239,Pu,0,1.6543E-07,3.6724E-08,2.8825E-07,7.8068E-08, , ,2021-04-28
30,72,Zn,94,239,Pu,0,4.5496E-07,1.2617E-07,8.3288E-07,2.7358E-07, , ,2021-04-28
30,71,Zn,94,239,Pu,1,6.2497E-08,2.191E-08,8.4697E-08,3.1847E-08, , ,2021-04-28
30,71,Zn,94,239,Pu,0,1.4451E-08,5.0661E-09,1.7053E-08,6.4122E-09, , ,2021-04-28
30,70,Zn,94,239,Pu,0,1.0096E-08,3.8281E-09,9.924E-09,3.8829E-09, , ,2021-04-28
30,69,Zn,94,239,Pu,1,5.8848E-10,2.3157E-10,4.1353E-10,1.6262E-10, , ,2021-04-28
30,69,Zn,94,239,Pu,0,1.3607E-10,5.3545E-11,8.3262E-11,3.2742E-11, , ,2021-04-28
30,68,Zn,94,239,Pu,0,3.9953E-11,1.5876E-11,1.8394E-11,7.2006E-12, , ,2021-04-28
30,67,Zn,94,239,Pu,0,1.248E-12,4.8407E-13,0,0, , ,2021-04-28
30,66,Zn,94,239,Pu,0,0,0,0,0, , ,2021-04-28
29,80,Cu,94,239,Pu,0,1.9563E-10,7.8993E-11,2.3444E-10,8.8334E-11, , ,2021-04-28
29,79,Cu,94,239,Pu,0,3.9119E-09,1.5709E-09,5.743E-09,2.1755E-09, , ,2021-04-28
29,78,Cu,94,239,Pu,0,3.4433E-08,1.2897E-08,5.5407E-08,2.1129E-08, , ,2021-04-28
29,77,Cu,94,239,Pu,0,1.1769E-07,4.4106E-08,3.7712E-07,1.4694E-07, , ,2021-04-28
29,76,Cu,94,239,Pu,1,1.7724E-07,6.7915E-08,6.013E-07,2.3003E-07, , ,2021-04-28
29,76,Cu,94,239,Pu,0,1.7724E-07,6.7915E-08,6.013E-07,2.3003E-07, , ,2021-04-28
29,75,Cu,94,239,Pu,0,8.0219E-07,3.0422E-07,2.9769E-06,1.0997E-06, , ,2021-04-28
29,74,Cu,94,239,Pu,0,9.4204E-07,3.4833E-07,3.5692E-06,1.2244E-06, , ,2021-04-28
29,73,Cu,94,239,Pu,0,9.8317E-07,2.985E-07,3.7392E-06,9.3494E-07, , ,2021-04-28
29,72,Cu,94,239,Pu,0,5.4894E-07,1.3675E-07,2.0328E-06,4.3193E-07, , ,2021-04-28
29,71,Cu,94,239,Pu,0,2.8762E-07,6.2688E-08,8.8077E-07,1.9603E-07, , ,2021-04-28
29,70,Cu,94,239,Pu,3,6.2024E-09,1.7957E-09,1.3654E-08,4.3281E-09, , ,2021-04-28
29,70,Cu,94,239,Pu,1,6.9098E-08,2.0006E-08,1.7437E-07,5.5274E-08, , ,2021-04-28
29,70,Cu,94,239,Pu,0,6.2024E-09,1.7957E-09,1.3654E-08,4.3281E-09, , ,2021-04-28
29,69,Cu,94,239,Pu,0,1.9586E-08,6.6823E-09,3.9854E-08,1.4298E-08, , ,2021-04-28
29,68,Cu,94,239,Pu,1,1.7758E-09,6.7649E-10,2.7943E-09,1.0715E-09, , ,2021-04-28
29,68,Cu,94,239,Pu,0,7.5814E-10,2.8882E-10,1.0251E-09,3.931E-10, , ,2021-04-28
29,67,Cu,94,239,Pu,0,2.8504E-10,1.0916E-10,2.9468E-10,1.1554E-10, , ,2021-04-28
29,66,Cu,94,239,Pu,0,1.6511E-11,6.3311E-12,1.1219E-11,4.3611E-12, , ,2021-04-28
29,65,Cu,94,239,Pu,0,0,0,0,0, , ,2021-04-28
29,63,Cu,94,239,Pu,0,0,0,0,0, , ,2021-04-28
28,78,Ni,94,239,Pu,0,1.2117E-11,4.5388E-12,1.3557E-11,5.1707E-12, , ,2021-04-28
28,77,Ni,94,239,Pu,0,1.0766E-10,4.0387E-11,2.6082E-10,1.0181E-10, , ,2021-04-28
28,76,Ni,94,239,Pu,0,1.2064E-09,4.6504E-10,3.5807E-09,1.3853E-09, , ,2021-04-28
28,75,Ni,94,239,Pu,0,6.6907E-09,2.614E-09,2.3271E-08,9.0937E-09, , ,2021-04-28
28,74,Ni,94,239,Pu,0,2.7781E-08,1.112E-08,1.1225E-07,4.4438E-08, , ,2021-04-28
28,73,Ni,94,239,Pu,0,6.6477E-08,2.5678E-08,2.8226E-07,1.0756E-07, , ,2021-04-28
28,72,Ni,94,239,Pu,0,1.2116E-07,4.3618E-08,5.5546E-07,1.9432E-07, , ,2021-04-28
28,71,Ni,94,239,Pu,0,1.3405E-07,4.2911E-08,5.2225E-07,1.5823E-07, , ,2021-04-28
28,70,Ni,94,239,Pu,0,1.1625E-07,2.7177E-08,4.0618E-07,8.556E-08, , ,2021-04-28
28,69,Ni,94,239,Pu,1,2.8755E-08,5.6865E-09,8.7035E-08,1.7463E-08, , ,2021-04-28
28,69,Ni,94,239,Pu,0,2.8755E-08,5.6865E-09,8.7035E-08,1.7463E-08, , ,2021-04-28
28,68,Ni,94,239,Pu,0,2.3306E-08,4.5874E-09,6.0323E-08,1.4113E-08, , ,2021-04-28
28,67,Ni,94,239,Pu,0,5.7488E-09,1.5626E-09,1.1159E-08,3.6723E-09, , ,2021-04-28
28,66,Ni,94,239,Pu,0,1.1322E-09,3.7037E-10,1.7077E-09,6.2134E-10, , ,2021-04-28
28,65,Ni,94,239,Pu,0,1.1484E-10,4.2823E-11,1.2549E-10,4.836E-11, , ,2021-04-28
28,64,Ni,94,239,Pu,0,8.9992E-12,3.5523E-12,7.0808E-12,2.8243E-12, , ,2021-04-28
28,63,Ni,94,239,Pu,0,0,0,0,0, , ,2021-04-28
28,62,Ni,94,239,Pu,0,0,0,0,0, , ,2021-04-28
28,61,Ni,94,239,Pu,0,0,0,0,0, , ,2021-04-28
27,75,Co,94,239,Pu,0,2.0848E-12,8.1473E-13,7.7303E-12,3.0221E-12, , ,2021-04-28
27,74,Co,94,239,Pu,0,2.1907E-11,8.7879E-12,1.0207E-10,4.0573E-11, , ,2021-04-28
27,73,Co,94,239,Pu,0,1.9365E-10,7.5828E-11,1.0945E-09,4.2662E-10, , ,2021-04-28
27,72,Co,94,239,Pu,0,8.5666E-10,3.3024E-10,5.5785E-09,2.1688E-09, , ,2021-04-28
27,71,Co,94,239,Pu,0,3.3093E-09,1.2785E-09,2.0725E-08,8.0518E-09, , ,2021-04-28
27,70,Co,94,239,Pu,1,3.2406E-09,1.2416E-09,1.8939E-08,7.2225E-09, , ,2021-04-28
27,70,Co,94,239,Pu,0,3.2406E-09,1.2416E-09,1.8939E-08,7.2225E-09, , ,2021-04-28
27,69,Co,94,239,Pu,0,1.0307E-08,3.7916E-09,5.7627E-08,1.9711E-08, , ,2021-04-28
27,68,Co,94,239,Pu,1,4.0875E-09,1.3767E-09,1.8321E-08,5.2861E-09, , ,2021-04-28
27,68,Co,94,239,Pu,0,4.6334E-09,1.5606E-09,2.4546E-08,7.0819E-09, , ,2021-04-28
27,67,Co,94,239,Pu,0,6.5617E-09,1.6477E-09,2.7002E-08,5.5386E-09, , ,2021-04-28
27,66,Co,94,239,Pu,0,2.6767E-09,6.0815E-10,9.095E-09,2.0502E-09, , ,2021-04-28
27,65,Co,94,239,Pu,0,8.6165E-10,2.1869E-10,2.4675E-09,6.8921E-10, , ,2021-04-28
27,64,Co,94,239,Pu,0,1.504E-10,5.1015E-11,3.4065E-10,1.2322E-10, , ,2021-04-28
27,63,Co,94,239,Pu,0,2.3386E-11,8.6258E-12,4.1062E-11,1.5499E-11, , ,2021-04-28
27,62,Co,94,239,Pu,1,1.3547E-12,5.19E-13,1.7572E-12,6.7918E-13, , ,2021-04-28
27,62,Co,94,239,Pu,0,5.7835E-13,2.2159E-13,6.4464E-13,2.4917E-13, , ,2021-04-28
27,61,Co,94,239,Pu,0,0,0,0,0, , ,2021-04-28
27,59,Co,94,239,Pu,0,0,0,0,0, , ,2021-04-28
26,71,Fe,94,239,Pu,0,6.8056E-12,2.6396E-12,3.6491E-11,1.4291E-11, , ,2021-04-28
26,70,Fe,94,239,Pu,0,4.8849E-11,1.9057E-11,2.8128E-10,1.11E-10, , ,2021-04-28
26,69,Fe,94,239,Pu,0,1.8655E-10,7.3668E-11,1.0915E-09,4.2869E-10, , ,2021-04-28
26,68,Fe,94,239,Pu,0,5.4362E-10,2.1425E-10,3.1462E-09,1.2109E-09, , ,2021-04-28
26,67,Fe,94,239,Pu,0,9.0944E-10,3.3827E-10,4.56E-09,1.6809E-09, , ,2021-04-28
26,66,Fe,94,239,Pu,0,1.1756E-09,3.8176E-10,5.3603E-09,1.6263E-09, , ,2021-04-28
26,65,Fe,94,239,Pu,0,7.8318E-10,2.1052E-10,3.1026E-09,7.5299E-10, , ,2021-04-28
26,64,Fe,94,239,Pu,0,4.1706E-10,8.1488E-11,1.4699E-09,2.7573E-10, , ,2021-04-28
26,63,Fe,94,239,Pu,0,1.3556E-10,2.694E-11,3.9699E-10,9.3016E-11, , ,2021-04-28
26,62,Fe,94,239,Pu,0,3.6079E-11,8.5336E-12,8.7568E-11,2.5767E-11, , ,2021-04-28
26,61,Fe,94,239,Pu,0,5.4535E-12,1.7591E-12,9.5995E-12,3.5066E-12, , ,2021-04-28
26,60,Fe,94,239,Pu,0,0,0,0,0, , ,2021-04-28
26,59,Fe,94,239,Pu,0,0,0,0,0, , ,2021-04-28
25,67,Mn,94,239,Pu,0,5.828E-12,2.2601E-12,4.3653E-11,1.7173E-11, , ,2021-04-28
25,66,Mn,94,239,Pu,0,1.7878E-11,6.854E-12,1.287E-10,4.9813E-11, , ,2021-04-28
25,65,Mn,94,239,Pu,0,4.0427E-11,1.5473E-11,2.8277E-10,1.0722E-10, , ,2021-04-28
25,64,Mn,94,239,Pu,0,4.7127E-11,1.7934E-11,3.02E-10,1.1059E-10, , ,2021-04-28
25,63,Mn,94,239,Pu,0,4.7916E-11,1.6244E-11,2.8083E-10,8.1137E-11, , ,2021-04-28
25,62,Mn,94,239,Pu,1,3.9939E-12,1.1445E-12,1.788E-11,4.1462E-12, , ,2021-04-28
25,62,Mn,94,239,Pu,0,2.2247E-11,6.3752E-12,1.1417E-10,2.6476E-11, , ,2021-04-28
25,61,Mn,94,239,Pu,0,1.2145E-11,2.6356E-12,5.0286E-11,1.0131E-11, , ,2021-04-28
25,60,Mn,94,239,Pu,1,2.7318E-12,6.8694E-13,9.3472E-12,2.6068E-12, , ,2021-04-28
25,60,Mn,94,239,Pu,0,3.0759E-13,7.7346E-14,9.1881E-13,2.5625E-13, , ,2021-04-28
25,59,Mn,94,239,Pu,0,0,0,1.762E-12,5.9071E-13, , ,2021-04-28
24,63,Cr,94,239,Pu,0,1.8474E-12,7.2637E-13,1.2533E-11,4.8456E-12, , ,2021-04-28
24,62,Cr,94,239,Pu,0,3.3819E-12,1.2786E-12,2.1901E-11,8.0474E-12, , ,2021-04-28
24,61,Cr,94,239,Pu,0,3.3751E-12,1.1776E-12,1.8454E-11,6.2097E-12, , ,2021-04-28
24,60,Cr,94,239,Pu,0,2.6138E-12,7.1689E-13,1.2852E-11,3.1201E-12, , ,2021-04-28
24,59,Cr,94,239,Pu,0,1.0897E-12,2.3943E-13,4.7235E-12,9.5922E-13, , ,2021-04-28
6,14,C,94,239,Pu,0,3.01E-06,6.1966E-07, , , , ,2021-04-28
6,12,C,94,239,Pu,0,0,0, , , , ,2021-04-28
6,8,C,94,239,Pu,0,6.87E-07,1.1876E-07, , , , ,2021-04-28
5,12,B,94,239,Pu,0,0,0, , , , ,2021-04-28
5,11,B,94,239,Pu,0,0,0, , , , ,2021-04-28
4,12,Be,94,239,Pu,0,4.73E-07,1.5903E-07, , , , ,2021-04-28
4,11,Be,94,239,Pu,0,7.52E-07,2.0095E-07, , , , ,2021-04-28
4,10,Be,94,239,Pu,0,1.05E-05,1.815E-06, , , , ,2021-04-28
4,9,Be,94,239,Pu,0,1.14E-06,2.1028E-07, , , , ,2021-04-28
4,8,Be,94,239,Pu,0,0,0, , , , ,2021-04-28
4,6,Be,94,239,Pu,0,0,0, , , , ,2021-04-28
3,9,Li,94,239,Pu,0,1.14E-06,1.9706E-07, , , , ,2021-04-28
3,8,Li,94,239,Pu,0,0,0, , , , ,2021-04-28
3,7,Li,94,239,Pu,0,1.4E-06,2.4201E-07, , , , ,2021-04-28
3,6,Li,94,239,Pu,0,0,0, , , , ,2021-04-28
2,8,He,94,239,Pu,0,6.87E-07,1.0996E-07, , , , ,2021-04-28
2,6,He,94,239,Pu,0,4.098E-05,5.2621E-06, , , , ,2021-04-28
2,4,He,94,239,Pu,0,0.00219,0.00011783,0.00219,0.00025369, , ,2021-04-28
2,3,He,94,239,Pu,0,0,0,0,0, , ,2021-04-28
1,3,H,94,239,Pu,0,0.000142,1.0885E-05,0.000142,3.2699E-05, , ,2021-04-28
1,2,H,94,239,Pu,0,1.347E-05,2.8929E-06,1.0587E-05,3.5463E-06, , ,2021-04-28
1,1,H,94,239,Pu,0,4.08E-05,7.0527E-06,3.4642E-05,1.1861E-05, , ,2021-04-28
57,147,La,94,239,Pu,0,0.0067067,0.0016119,0.0046396,0.0012676, , ,2021-04-28
57,148,La,94,239,Pu,0,0.0017986,0.00060056,0.0009433,0.00033254, , ,2021-04-28
57,149,La,94,239,Pu,0,0.00041027,0.00014292,0.0001489,5.371E-05, , ,2021-04-28
57,150,La,94,239,Pu,0,4.9876E-05,1.7336E-05,1.1353E-05,4.15E-06, , ,2021-04-28
57,151,La,94,239,Pu,0,4.5096E-06,1.5942E-06,6.2969E-07,2.3292E-07, , ,2021-04-28
57,152,La,94,239,Pu,0,2.1533E-07,7.7213E-08,1.675E-08,6.5514E-09, , ,2021-04-28
57,153,La,94,239,Pu,0,6.8418E-09,2.4674E-09,3.0448E-10,1.5452E-10, , ,2021-04-28
57,154,La,94,239,Pu,0,1.2646E-10,4.4928E-11,2.767E-12,1.1001E-12, , ,2021-04-28
57,155,La,94,239,Pu,0,1.5242E-12,5.8062E-13, , , , ,2021-04-28
58,138,Ce,94,239,Pu,0,2.0828E-11,7.8519E-12,1.8306E-11,6.921E-12, , ,2021-04-28
58,138,Ce,94,239,Pu,1,4.8785E-11,1.8391E-11,4.9899E-11,1.8865E-11, , ,2021-04-28
58,139,Ce,94,239,Pu,0,1.2298E-09,4.4746E-10,1.2858E-09,4.6172E-10, , ,2021-04-28
58,139,Ce,94,239,Pu,1,2.9689E-09,1.0802E-09,3.5977E-09,1.2919E-09, , ,2021-04-28
58,140,Ce,94,239,Pu,0,1.569E-07,5.5827E-08,2.2648E-07,8.1754E-08, , ,2021-04-28
58,141,Ce,94,239,Pu,0,2.9307E-06,1.0512E-06,4.3612E-06,1.5864E-06, , ,2021-04-28
58,142,Ce,94,239,Pu,0,4.1813E-05,1.4999E-05,6.994E-05,2.5538E-05, , ,2021-04-28
58,143,Ce,94,239,Pu,0,0.00030858,0.00011462,0.00049093,0.00018138, , ,2021-04-28
58,144,Ce,94,239,Pu,0,0.0016345,0.00060218,0.0024345,0.00087968, , ,2021-04-28
58,145,Ce,94,239,Pu,0,0.0045084,0.0014642,0.0057593,0.0018816, , ,2021-04-28
58,146,Ce,94,239,Pu,0,0.0095398,0.0020634,0.011566,0.0022142, , ,2021-04-28
58,147,Ce,94,239,Pu,0,0.011904,0.0017569,0.012179,0.0016043, , ,2021-04-28
58,148,Ce,94,239,Pu,0,0.011612,0.0012302,0.011368,0.0013948, , ,2021-04-28
58,149,Ce,94,239,Pu,0,0.0065077,0.001116,0.0046116,0.0010591, , ,2021-04-28
58,150,Ce,94,239,Pu,0,0.0028003,0.00071097,0.001445,0.00044075, , ,2021-04-28
58,151,Ce,94,239,Pu,0,0.00062321,0.00020598,0.00021409,7.64E-05, , ,2021-04-28
58,152,Ce,94,239,Pu,0,0.00011139,3.9422E-05,2.5242E-05,9.8147E-06, , ,2021-04-28
58,153,Ce,94,239,Pu,0,9.1937E-06,3.3114E-06,1.3195E-06,6.6929E-07, , ,2021-04-28
58,154,Ce,94,239,Pu,0,6.686E-07,2.3751E-07,5.6048E-08,2.2283E-08, , ,2021-04-28
58,155,Ce,94,239,Pu,0,2.158E-08,8.2206E-09,9.9517E-10,4.4477E-10, , ,2021-04-28
58,156,Ce,94,239,Pu,0,5.6503E-10,2.0407E-10,1.6455E-11,6.0662E-12, , ,2021-04-28
58,157,Ce,94,239,Pu,0,8.705E-12,3.2449E-12, , , , ,2021-04-28
59,140,Pr,94,239,Pu,0,5.1047E-12,1.8163E-12,5.9456E-12,2.1462E-12, , ,2021-04-28
59,141,Pr,94,239,Pu,0,3.7853E-10,1.3577E-10,5.3338E-10,1.94E-10, , ,2021-04-28
59,142,Pr,94,239,Pu,0,4.33E-09,1.5523E-09,6.7328E-09,2.4549E-09, , ,2021-04-28
59,142,Pr,94,239,Pu,1,1.0142E-08,3.6358E-09,1.8352E-08,6.6916E-09, , ,2021-04-28
59,143,Pr,94,239,Pu,0,4.3103E-07,1.5966E-07,8.3812E-07,3.0769E-07, , ,2021-04-28
59,144,Pr,94,239,Pu,0,6.3755E-07,2.3548E-07,1.1384E-06,4.1195E-07, , ,2021-04-28
59,144,Pr,94,239,Pu,1,5.6624E-06,2.0914E-06,1.1582E-05,4.1908E-06, , ,2021-04-28
59,145,Pr,94,239,Pu,0,6.8861E-05,2.4674E-05,0.00013919,5.1977E-05, , ,2021-04-28
59,146,Pr,94,239,Pu,0,0.00035522,0.00012547,0.00068554,0.00024879, , ,2021-04-28
59,147,Pr,94,239,Pu,0,0.0014501,0.00050426,0.0023549,0.00083596, , ,2021-04-28
59,148,Pr,94,239,Pu,0,0.00057407,0.00018152,0.00075139,0.00022187, , ,2021-04-28
59,148,Pr,94,239,Pu,1,0.0024143,0.0007634,0.0036427,0.0010756, , ,2021-04-28
59,149,Pr,94,239,Pu,0,0.0051331,0.0010972,0.0071006,0.0011418, , ,2021-04-28
59,150,Pr,94,239,Pu,0,0.0050254,0.00085144,0.0062599,0.00085148, , ,2021-04-28
59,151,Pr,94,239,Pu,0,0.0038536,0.0006776,0.0040431,0.00073424, , ,2021-04-28
59,152,Pr,94,239,Pu,0,0.0015971,0.00045361,0.0011624,0.00036113, , ,2021-04-28
59,153,Pr,94,239,Pu,0,0.0004739,0.00015974,0.00025057,0.00011686, , ,2021-04-28
59,154,Pr,94,239,Pu,0,8.7162E-05,3.0515E-05,2.8293E-05,1.1114E-05, , ,2021-04-28
59,155,Pr,94,239,Pu,0,1.0782E-05,4.098E-06,2.2733E-06,1.0146E-06, , ,2021-04-28
59,156,Pr,94,239,Pu,0,7.3099E-07,2.6391E-07,1.0749E-07,3.9622E-08, , ,2021-04-28
59,157,Pr,94,239,Pu,0,4.3319E-08,1.6147E-08,4.5824E-09,1.6873E-09, , ,2021-04-28
59,158,Pr,94,239,Pu,0,1.0422E-09,4.1315E-10,5.7841E-11,2.4003E-11, , ,2021-04-28
59,159,Pr,94,239,Pu,0,2.1492E-11,7.9619E-12, , , , ,2021-04-28
60,142,Nd,94,239,Pu,0,0,0,0,0, , ,2021-04-28
60,143,Nd,94,239,Pu,0,4.3047E-11,1.5945E-11,5.163E-11,1.8953E-11, , ,2021-04-28
60,144,Nd,94,239,Pu,0,2.6113E-09,9.6434E-10,3.8436E-09,1.3901E-09, , ,2021-04-28
60,145,Nd,94,239,Pu,0,7.7879E-08,2.7888E-08,1.263E-07,4.6958E-08, , ,2021-04-28
60,146,Nd,94,239,Pu,0,1.5656E-06,5.5357E-07,2.8669E-06,1.0295E-06, , ,2021-04-28
60,147,Nd,94,239,Pu,0,1.7427E-05,6.2696E-06,3.0371E-05,1.1197E-05, , ,2021-04-28
60,148,Nd,94,239,Pu,0,0.00013892,5.1449E-05,0.00025124,9.6408E-05, , ,2021-04-28
60,149,Nd,94,239,Pu,0,0.00057411,0.00019862,0.00088581,0.00032682, , ,2021-04-28
60,150,Nd,94,239,Pu,0,0.001872,0.00052157,0.0023388,0.00071412, , ,2021-04-28
60,151,Nd,94,239,Pu,0,0.0031349,0.00064933,0.0034262,0.00073369, , ,2021-04-28
60,152,Nd,94,239,Pu,0,0.0039343,0.00050754,0.0042866,0.00052019, , ,2021-04-28
60,153,Nd,94,239,Pu,0,0.0023682,0.00035384,0.002598,0.00059691, , ,2021-04-28
60,154,Nd,94,239,Pu,0,0.001402,0.00026215,0.0011058,0.00027878, , ,2021-04-28
60,155,Nd,94,239,Pu,0,0.00042648,0.0001419,0.00021659,8.6331E-05, , ,2021-04-28
60,156,Nd,94,239,Pu,0,0.00010731,3.6527E-05,4.2411E-05,1.5162E-05, , ,2021-04-28
60,157,Nd,94,239,Pu,0,1.5869E-05,5.8512E-06,4.8993E-06,1.7965E-06, , ,2021-04-28
60,158,Nd,94,239,Pu,0,1.4286E-06,5.6537E-07,2.7339E-07,1.1341E-07, , ,2021-04-28
60,159,Nd,94,239,Pu,0,7.4643E-08,2.7647E-08,8.3537E-09,3.3532E-09, , ,2021-04-28
60,160,Nd,94,239,Pu,0,2.8774E-09,1.1043E-09,1.9096E-10,7.5354E-11, , ,2021-04-28
60,161,Nd,94,239,Pu,0,5.4484E-11,2.0117E-11,1.9372E-12,7.2278E-13, , ,2021-04-28
61,145,Pm,94,239,Pu,0,3.0546E-12,1.0938E-12,4.4103E-12,1.6398E-12, , ,2021-04-28
61,146,Pm,94,239,Pu,0,1.6568E-10,5.8584E-11,2.9582E-10,1.062E-10, , ,2021-04-28
61,147,Pm,94,239,Pu,0,7.6892E-09,2.7675E-09,1.5473E-08,5.6928E-09, , ,2021-04-28
61,148,Pm,94,239,Pu,0,5.0334E-08,1.8749E-08,1.0542E-07,3.9933E-08, , ,2021-04-28
61,148,Pm,94,239,Pu,1,1.179E-07,4.3915E-08,2.8735E-07,1.0885E-07, , ,2021-04-28
61,149,Pm,94,239,Pu,0,2.7188E-06,9.7809E-07,6.5904E-06,2.4183E-06, , ,2021-04-28
61,150,Pm,94,239,Pu,0,2.2621E-05,7.8605E-06,5.133E-05,1.8937E-05, , ,2021-04-28
61,151,Pm,94,239,Pu,0,0.00014037,4.7916E-05,0.00028073,0.00010681, , ,2021-04-28
61,152,Pm,94,239,Pu,0,8.2907E-05,2.6394E-05,0.00011311,4.466E-05, , ,2021-04-28
61,152,Pm,94,239,Pu,1,0.00016555,5.2707E-05,0.00023779,9.3891E-05, , ,2021-04-28
61,152,Pm,94,239,Pu,14,0.00018312,5.8299E-05,0.00031061,0.00012265, , ,2021-04-28
61,153,Pm,94,239,Pu,0,0.00092231,0.0002431,0.0010512,0.00045644, , ,2021-04-28
61,154,Pm,94,239,Pu,0,0.0005919,0.0001245,0.00065505,0.0001515, , ,2021-04-28
61,154,Pm,94,239,Pu,1,0.0005919,0.0001245,0.00065505,0.0001515, , ,2021-04-28
61,155,Pm,94,239,Pu,0,0.0010258,0.00020481,0.0010849,0.00024512, , ,2021-04-28
61,156,Pm,94,239,Pu,0,0.00052198,0.00010966,0.00052805,0.00012867, , ,2021-04-28
61,157,Pm,94,239,Pu,0,0.00025036,7.1238E-05,0.00023982,7.2898E-05, , ,2021-04-28
61,158,Pm,94,239,Pu,0,5.2124E-05,1.9157E-05,3.4128E-05,1.3606E-05, , ,2021-04-28
61,159,Pm,94,239,Pu,0,9.6505E-06,3.4686E-06,4.3803E-06,1.7417E-06, , ,2021-04-28
61,160,Pm,94,239,Pu,0,9.133E-07,3.4866E-07,2.7147E-07,1.07E-07, , ,2021-04-28
61,161,Pm,94,239,Pu,0,6.4417E-08,2.3764E-08,1.2131E-08,4.5256E-09, , ,2021-04-28
61,162,Pm,94,239,Pu,0,2.4853E-09,9.7446E-10,2.7925E-10,1.1144E-10, , ,2021-04-28
61,163,Pm,94,239,Pu,0,7.7203E-11,3.0564E-11,5.2158E-12,2.051E-12, , ,2021-04-28
62,146,Sm,94,239,Pu,0,0,0,0,0, , ,2021-04-28
62,147,Sm,94,239,Pu,0,0,0,0,0, , ,2021-04-28
62,148,Sm,94,239,Pu,0,2.1839E-11,8.1352E-12,3.5133E-11,1.3307E-11, , ,2021-04-28
62,149,Sm,94,239,Pu,0,9.7022E-10,3.4924E-10,1.7816E-09,6.5296E-10, , ,2021-04-28
62,150,Sm,94,239,Pu,0,3.2486E-08,1.1349E-08,6.6366E-08,2.4299E-08, , ,2021-04-28
62,151,Sm,94,239,Pu,0,5.2815E-07,1.8678E-07,1.1034E-06,4.0826E-07, , ,2021-04-28
62,152,Sm,94,239,Pu,0,5.8889E-06,2.1084E-06,1.208E-05,4.7304E-06, , ,2021-04-28
62,153,Sm,94,239,Pu,0,8.7015E-06,3.1094E-06,1.5047E-05,7.6723E-06, , ,2021-04-28
62,153,Sm,94,239,Pu,1,2.1006E-05,7.5066E-06,4.2099E-05,2.1467E-05, , ,2021-04-28
62,154,Sm,94,239,Pu,0,0.00013422,4.5515E-05,0.00022522,8.6782E-05, , ,2021-04-28
62,155,Sm,94,239,Pu,0,0.00027355,9.254E-05,0.00039217,0.00015361, , ,2021-04-28
62,156,Sm,94,239,Pu,0,0.00045284,0.00010643,0.00066064,0.00013305, , ,2021-04-28
62,157,Sm,94,239,Pu,0,0.00045131,8.3787E-05,0.00066207,9.4691E-05, , ,2021-04-28
62,158,Sm,94,239,Pu,0,0.00029176,5.3248E-05,0.00034219,7.3922E-05, , ,2021-04-28
62,159,Sm,94,239,Pu,0,0.00011588,2.3285E-05,0.00010292,3.1326E-05, , ,2021-04-28
62,160,Sm,94,239,Pu,0,3.6472E-05,1.0633E-05,2.5072E-05,8.8032E-06, , ,2021-04-28
62,161,Sm,94,239,Pu,0,5.9996E-06,2.0285E-06,2.8912E-06,1.049E-06, , ,2021-04-28
62,162,Sm,94,239,Pu,0,8.2978E-07,3.1874E-07,2.8323E-07,1.125E-07, , ,2021-04-28
62,163,Sm,94,239,Pu,0,6.3814E-08,2.5183E-08,1.4463E-08,5.6843E-09, , ,2021-04-28
62,164,Sm,94,239,Pu,0,3.7673E-09,1.4892E-09,5.4646E-10,2.1303E-10, , ,2021-04-28
62,165,Sm,94,239,Pu,0,1.2408E-10,4.8095E-11,9.8008E-12,3.87E-12, , ,2021-04-28
63,151,Eu,94,239,Pu,0,7.3325E-11,2.5935E-11,1.6703E-10,6.179E-11, , ,2021-04-28
63,152,Eu,94,239,Pu,0,9.2339E-10,3.3112E-10,2.0824E-09,8.145E-10, , ,2021-04-28
63,152,Eu,94,239,Pu,1,2.1993E-10,7.8865E-11,4.758E-10,1.8611E-10, , ,2021-04-28
63,152,Eu,94,239,Pu,16,1.0299E-09,3.6931E-10,2.758E-09,1.0788E-09, , ,2021-04-28
63,153,Eu,94,239,Pu,0,4.2564E-08,1.535E-08,1.1543E-07,5.8581E-08, , ,2021-04-28
63,154,Eu,94,239,Pu,0,2.5771E-07,9.1541E-08,6.1339E-07,2.4386E-07, , ,2021-04-28
63,154,Eu,94,239,Pu,1,2.3214E-07,8.2459E-08,6.6131E-07,2.6291E-07, , ,2021-04-28
63,155,Eu,94,239,Pu,0,3.696E-06,1.4059E-06,9.3888E-06,4.1881E-06, , ,2021-04-28
63,156,Eu,94,239,Pu,0,1.4548E-05,5.2041E-06,3.8643E-05,1.3993E-05, , ,2021-04-28
63,157,Eu,94,239,Pu,0,4.8543E-05,1.7341E-05,0.00013977,4.6977E-05, , ,2021-04-28
63,158,Eu,94,239,Pu,0,6.7297E-05,2.4126E-05,0.00015732,5.3472E-05, , ,2021-04-28
63,159,Eu,94,239,Pu,0,8.2014E-05,2.1493E-05,0.00016154,3.7645E-05, , ,2021-04-28
63,160,Eu,94,239,Pu,0,5.3043E-05,1.2628E-05,8.567E-05,1.8357E-05, , ,2021-04-28
63,161,Eu,94,239,Pu,0,2.7188E-05,5.1989E-06,3.5695E-05,7.6942E-06, , ,2021-04-28
63,162,Eu,94,239,Pu,0,8.1898E-06,2.4912E-06,8.3598E-06,2.8489E-06, , ,2021-04-28
63,163,Eu,94,239,Pu,0,2.127E-06,7.4654E-07,1.7118E-06,6.3289E-07, , ,2021-04-28
63,164,Eu,94,239,Pu,0,2.9677E-07,1.1347E-07,1.6943E-07,6.5237E-08, , ,2021-04-28
63,165,Eu,94,239,Pu,0,3.5396E-08,1.3595E-08,1.3063E-08,5.1478E-09, , ,2021-04-28
63,166,Eu,94,239,Pu,0,2.1645E-09,8.3075E-10,4.9633E-10,1.9303E-10, , ,2021-04-28
63,167,Eu,94,239,Pu,0,9.7709E-11,3.7969E-11,1.4112E-11,5.5251E-12, , ,2021-04-28
64,152,Gd,94,239,Pu,0,0,0,0,0, , ,2021-04-28
64,153,Gd,94,239,Pu,0,4.4171E-12,1.593E-12,8.4644E-12,4.2957E-12, , ,2021-04-28
64,154,Gd,94,239,Pu,0,2.0245E-10,7.1925E-11,4.3628E-10,1.7346E-10, , ,2021-04-28
64,155,Gd,94,239,Pu,0,1.1826E-09,4.5051E-10,2.4353E-09,1.0884E-09, , ,2021-04-28
64,155,Gd,94,239,Pu,1,2.855E-09,1.0876E-09,6.8139E-09,3.0453E-09, , ,2021-04-28
64,156,Gd,94,239,Pu,0,6.0515E-08,2.1855E-08,1.6805E-07,6.1949E-08, , ,2021-04-28
64,157,Gd,94,239,Pu,0,4.9888E-07,1.8588E-07,1.6098E-06,5.9225E-07, , ,2021-04-28
64,158,Gd,94,239,Pu,0,2.4507E-06,9.6829E-07,7.2366E-06,2.9819E-06, , ,2021-04-28
64,159,Gd,94,239,Pu,0,6.7916E-06,2.4634E-06,1.7431E-05,6.7502E-06, , ,2021-04-28
64,160,Gd,94,239,Pu,0,1.4216E-05,4.9858E-06,3.2779E-05,1.1067E-05, , ,2021-04-28
64,161,Gd,94,239,Pu,0,1.5287E-05,4.3301E-06,2.9356E-05,7.3669E-06, , ,2021-04-28
64,162,Gd,94,239,Pu,0,1.406E-05,3.1011E-06,2.3423E-05,4.6032E-06, , ,2021-04-28
64,163,Gd,94,239,Pu,0,7.5405E-06,1.4659E-06,1.0541E-05,2.2204E-06, , ,2021-04-28
64,164,Gd,94,239,Pu,0,3.3187E-06,6.8178E-07,3.8417E-06,9.9818E-07, , ,2021-04-28
64,165,Gd,94,239,Pu,0,8.7561E-07,2.512E-07,7.2288E-07,2.5183E-07, , ,2021-04-28
64,166,Gd,94,239,Pu,0,1.8353E-07,6.2099E-08,1.1201E-07,4.1804E-08, , ,2021-04-28
64,167,Gd,94,239,Pu,0,1.9819E-08,7.4788E-09,8.4457E-09,3.284E-09, , ,2021-04-28
64,168,Gd,94,239,Pu,0,1.6544E-09,6.5744E-10,4.8126E-10,1.9185E-10, , ,2021-04-28
64,169,Gd,94,239,Pu,0,8.0168E-11,3.1566E-11,1.4233E-11,5.5503E-12, , ,2021-04-28
65,156,Tb,94,239,Pu,0,2.2409E-12,8.0935E-13,6.2934E-12,2.3201E-12, , ,2021-04-28
65,156,Tb,94,239,Pu,1,3.2398E-12,1.1701E-12,1.0665E-11,3.9316E-12, , ,2021-04-28
65,157,Tb,94,239,Pu,0,1.9361E-10,7.2171E-11,8.0013E-10,2.9462E-10, , ,2021-04-28
65,158,Tb,94,239,Pu,0,2.1773E-09,8.6312E-10,9.0079E-09,3.7381E-09, , ,2021-04-28
65,158,Tb,94,239,Pu,1,2.4515E-10,9.7182E-11,8.8545E-10,3.6744E-10, , ,2021-04-28
65,159,Tb,94,239,Pu,0,2.4693E-08,9.1473E-09,1.007E-07,4.0416E-08, , ,2021-04-28
65,160,Tb,94,239,Pu,0,1.2472E-07,4.7832E-08,4.842E-07,1.907E-07, , ,2021-04-28
65,161,Tb,94,239,Pu,0,4.6474E-07,1.7052E-07,1.6831E-06,6.1813E-07, , ,2021-04-28
65,162,Tb,94,239,Pu,0,9.57E-07,3.6642E-07,3.0959E-06,1.1722E-06, , ,2021-04-28
65,163,Tb,94,239,Pu,0,1.6364E-06,5.9211E-07,4.8703E-06,1.5684E-06, , ,2021-04-28
65,164,Tb,94,239,Pu,0,1.496E-06,4.8456E-07,3.7894E-06,9.9301E-07, , ,2021-04-28
65,165,Tb,94,239,Pu,0,1.2035E-06,2.8698E-07,2.4441E-06,4.8335E-07, , ,2021-04-28
65,166,Tb,94,239,Pu,0,5.25E-07,1.205E-07,8.466E-07,2.0812E-07, , ,2021-04-28
65,167,Tb,94,239,Pu,0,1.8137E-07,4.8623E-08,2.4009E-07,7.3414E-08, , ,2021-04-28
65,168,Tb,94,239,Pu,0,3.4016E-08,1.1914E-08,3.4039E-08,1.2686E-08, , ,2021-04-28
65,169,Tb,94,239,Pu,0,5.7295E-09,2.1374E-09,4.1669E-09,1.5919E-09, , ,2021-04-28
65,170,Tb,94,239,Pu,0,5.1125E-10,1.9579E-10,2.4872E-10,9.6485E-11, , ,2021-04-28
65,171,Tb,94,239,Pu,0,3.611E-11,1.3975E-11,1.0931E-11,4.2892E-12, , ,2021-04-28
66,158,Dy,94,239,Pu,0,0,0,0,0, , ,2021-04-28
66,159,Dy,94,239,Pu,0,6.7016E-12,2.4827E-12,2.2461E-11,9.0159E-12, , ,2021-04-28
66,160,Dy,94,239,Pu,0,1.2803E-10,4.9138E-11,4.7367E-10,1.8691E-10, , ,2021-04-28
66,161,Dy,94,239,Pu,0,1.1963E-09,4.417E-10,4.4384E-09,1.6559E-09, , ,2021-04-28
66,162,Dy,94,239,Pu,0,8.9851E-09,3.5224E-09,3.4058E-08,1.3584E-08, , ,2021-04-28
66,163,Dy,94,239,Pu,0,3.6659E-08,1.4486E-08,1.3467E-07,5.2713E-08, , ,2021-04-28
66,164,Dy,94,239,Pu,0,1.1448E-07,4.47E-08,3.9874E-07,1.509E-07, , ,2021-04-28
66,165,Dy,94,239,Pu,0,1.7609E-07,6.4581E-08,5.1286E-07,1.8359E-07, , ,2021-04-28
66,165,Dy,94,239,Pu,1,2.6919E-08,9.8726E-09,6.8285E-08,2.4445E-08, , ,2021-04-28
66,166,Dy,94,239,Pu,0,2.7854E-07,8.6881E-08,6.9414E-07,1.9237E-07, , ,2021-04-28
66,167,Dy,94,239,Pu,0,1.9843E-07,5.0365E-08,4.1957E-07,9.269E-08, , ,2021-04-28
66,168,Dy,94,239,Pu,0,1.1373E-07,2.1543E-08,2.0627E-07,3.9212E-08, , ,2021-04-28
66,169,Dy,94,239,Pu,0,4.029E-08,8.2673E-09,5.7574E-08,1.4917E-08, , ,2021-04-28
66,170,Dy,94,239,Pu,0,1.1675E-08,2.9307E-09,1.3198E-08,4.2083E-09, , ,2021-04-28
66,171,Dy,94,239,Pu,0,1.8813E-09,6.2861E-10,1.469E-09,5.4859E-10, , ,2021-04-28
66,172,Dy,94,239,Pu,0,2.3659E-10,8.7219E-11,1.3142E-10,5.1098E-11, , ,2021-04-28
66,173,Dy,94,239,Pu,0,1.5847E-11,6.177E-12,5.986E-12,2.3541E-12, , ,2021-04-28
67,162,Ho,94,239,Pu,0,6.3233E-13,2.4795E-13,2.6974E-12,1.0764E-12, , ,2021-04-28
67,162,Ho,94,239,Pu,1,1.4811E-12,5.8075E-13,7.3526E-12,2.9341E-12, , ,2021-04-28
67,163,Ho,94,239,Pu,0,2.815E-11,1.1144E-11,1.5274E-10,6.0061E-11, , ,2021-04-28
67,163,Ho,94,239,Pu,1,4.3033E-12,1.7036E-12,2.0337E-11,7.9968E-12, , ,2021-04-28
67,164,Ho,94,239,Pu,0,7.5518E-11,2.9864E-11,3.6704E-10,1.4308E-10, , ,2021-04-28
67,164,Ho,94,239,Pu,1,1.7688E-10,6.9949E-11,1.0005E-09,3.9E-10, , ,2021-04-28
67,165,Ho,94,239,Pu,0,1.6172E-09,6.266E-10,8.1996E-09,3.2337E-09, , ,2021-04-28
67,166,Ho,94,239,Pu,0,1.5644E-09,5.993E-10,6.4864E-09,2.5015E-09, , ,2021-04-28
67,166,Ho,94,239,Pu,1,3.6641E-09,1.4037E-09,1.7681E-08,6.8184E-09, , ,2021-04-28
67,167,Ho,94,239,Pu,0,1.2536E-08,4.783E-09,5.4432E-08,2.0347E-08, , ,2021-04-28
67,168,Ho,94,239,Pu,0,6.4466E-09,2.4355E-09,2.2205E-08,7.8129E-09, , ,2021-04-28
67,168,Ho,94,239,Pu,1,9.1474E-09,3.4559E-09,3.7135E-08,1.3066E-08, , ,2021-04-28
67,169,Ho,94,239,Pu,0,1.7172E-08,5.6181E-09,5.6557E-08,1.4816E-08, , ,2021-04-28
67,170,Ho,94,239,Pu,0,7.1629E-09,1.9473E-09,2.0293E-08,4.3926E-09, , ,2021-04-28
67,170,Ho,94,239,Pu,1,3.0581E-09,8.3139E-10,7.4449E-09,1.6115E-09, , ,2021-04-28
67,171,Ho,94,239,Pu,0,5.0607E-09,1.0846E-09,1.0875E-08,2.3312E-09, , ,2021-04-28
67,172,Ho,94,239,Pu,0,1.3557E-09,3.5849E-10,2.2651E-09,6.9234E-10, , ,2021-04-28
67,173,Ho,94,239,Pu,0,2.9953E-10,9.5944E-11,4.0425E-10,1.4256E-10, , ,2021-04-28
67,174,Ho,94,239,Pu,0,3.5813E-11,1.3459E-11,3.5076E-11,1.3427E-11, , ,2021-04-28
67,175,Ho,94,239,Pu,0,3.8131E-12,1.4523E-12,2.4848E-12,9.7101E-13, , ,2021-04-28
68,164,Er,94,239,Pu,0,0,0,0,0, , ,2021-04-28
68,166,Er,94,239,Pu,0,1.2077E-11,4.6414E-12,6.0084E-11,2.3372E-11, , ,2021-04-28
68,167,Er,94,239,Pu,0,6.2067E-11,2.412E-11,3.1509E-10,1.2333E-10, , ,2021-04-28
68,167,Er,94,239,Pu,1,9.4882E-12,3.6872E-12,4.1952E-11,1.6421E-11, , ,2021-04-28
68,168,Er,94,239,Pu,0,3.1826E-10,1.2705E-10,1.5763E-09,6.271E-10, , ,2021-04-28
68,169,Er,94,239,Pu,0,8.1482E-10,3.1869E-10,3.6347E-09,1.3923E-09, , ,2021-04-28
68,170,Er,94,239,Pu,0,1.6071E-09,5.9796E-10,6.5043E-09,2.3171E-09, , ,2021-04-28
68,171,Er,94,239,Pu,0,1.702E-09,5.7806E-10,5.5633E-09,1.7483E-09, , ,2021-04-28
68,172,Er,94,239,Pu,0,1.4041E-09,3.6363E-10,3.9378E-09,8.6407E-10, , ,2021-04-28
68,173,Er,94,239,Pu,0,6.3685E-10,1.3349E-10,1.5169E-09,3.0233E-10, , ,2021-04-28
68,174,Er,94,239,Pu,0,2.3596E-10,4.4177E-11,4.7226E-10,1.0562E-10, , ,2021-04-28
68,175,Er,94,239,Pu,0,5.4291E-11,1.3364E-11,7.9562E-11,2.5378E-11, , ,2021-04-28
68,176,Er,94,239,Pu,0,1.0078E-11,3.0704E-12,1.1093E-11,3.9794E-12, , ,2021-04-28
69,169,Tm,94,239,Pu,0,1.6153E-12,6.3647E-13,1.1786E-11,4.5965E-12, , ,2021-04-28
69,170,Tm,94,239,Pu,0,7.8052E-12,3.0273E-12,5.493E-11,2.1361E-11, , ,2021-04-28
69,171,Tm,94,239,Pu,0,2.9216E-11,1.1312E-11,1.8699E-10,7.2952E-11, , ,2021-04-28
69,172,Tm,94,239,Pu,0,5.5232E-11,2.1147E-11,3.1362E-10,1.1994E-10, , ,2021-04-28
69,173,Tm,94,239,Pu,0,8.1726E-11,3.0631E-11,4.3205E-10,1.5106E-10, , ,2021-04-28
69,174,Tm,94,239,Pu,0,6.3917E-11,2.2717E-11,2.898E-10,8.7082E-11, , ,2021-04-28
69,175,Tm,94,239,Pu,0,4.4998E-11,1.2417E-11,1.6598E-10,3.5055E-11, , ,2021-04-28
69,176,Tm,94,239,Pu,0,1.7199E-11,3.9949E-12,5.062E-11,1.1075E-11, , ,2021-04-28
69,177,Tm,94,239,Pu,0,5.223E-12,1.2149E-12,1.2365E-11,3.3044E-12, , ,2021-04-28
70,170,Yb,94,239,Pu,0,0,0,0,0, , ,2021-04-28
70,171,Yb,94,239,Pu,0,0,0,0,0, , ,2021-04-28
70,172,Yb,94,239,Pu,0,0,0,1.9512E-12,7.6741E-13, , ,2021-04-28
70,173,Yb,94,239,Pu,0,1.0202E-12,4.0104E-13,6.8988E-12,2.7125E-12, , ,2021-04-28
70,174,Yb,94,239,Pu,0,2.7845E-12,1.1095E-12,1.8071E-11,7.0053E-12, , ,2021-04-28
70,175,Yb,94,239,Pu,0,3.8379E-12,1.4565E-12,2.1189E-11,7.8849E-12, , ,2021-04-28
70,175,Yb,94,239,Pu,1,5.867E-13,2.2266E-13,2.8212E-12,1.0498E-12, , ,2021-04-28
70,176,Yb,94,239,Pu,0,1.9414E-12,6.6736E-13,8.3014E-12,2.6092E-12, , ,2021-04-28
70,176,Yb,94,239,Pu,1,3.4922E-12,1.2004E-12,1.7416E-11,5.4738E-12, , ,2021-04-28
70,177,Yb,94,239,Pu,0,2.7972E-12,8.2438E-13,1.1177E-11,2.8381E-12, , ,2021-04-28
70,177,Yb,94,239,Pu,1,6.4678E-13,1.9062E-13,2.2504E-12,5.7145E-13, , ,2021-04-28
70,178,Yb,94,239,Pu,0,1.7293E-12,3.644E-13,5.7523E-12,1.0871E-12, , ,2021-04-28
71,175,Lu,94,239,Pu,0,0,0,0,0, , ,2021-04-28
71,176,Lu,94,239,Pu,0,0,0,0,0, , ,2021-04-28
71,177,Lu,94,239,Pu,0,0,0,6.9547E-13,2.651E-13, , ,2021-04-28
71,178,Lu,94,239,Pu,0,0,0,4.339E-13,1.6094E-13, , ,2021-04-28
72,177,Hf,94,239,Pu,0,0,0,0,0, , ,2021-04-28
24,58,Cr,94,239,Pu,0, , ,1.4051E-12,2.8745E-13, , ,2021-04-28
24,64,Cr,94,239,Pu,0, , ,5.4749E-12,2.1847E-12, , ,2021-04-28
24,65,Cr,94,239,Pu,0, , ,1.2485E-12,4.8718E-13, , ,2021-04-28
25,58,Mn,94,239,Pu,0, , ,0,0, , ,2021-04-28
25,68,Mn,94,239,Pu,0, , ,7.2326E-12,2.8315E-12, , ,2021-04-28
26,58,Fe,94,239,Pu,0, , ,0,0, , ,2021-04-28
26,72,Fe,94,239,Pu,0, , ,3.6161E-12,1.4072E-12, , ,2021-04-28
63,150,Eu,94,239,Pu,0, , ,1.7177E-12,6.2892E-13, , ,2021-04-28
65,156,Tb,94,239,Pu,4, , ,1.6669E-12,6.1453E-13, , ,2021-04-28
68,165,Er,94,239,Pu,0, , ,4.7182E-12,1.8631E-12, , ,2021-04-28
69,168,Tm,94,239,Pu,0, , ,1.194E-12,4.7642E-13, , ,2021-04-28
69,178,Tm,94,239,Pu,0, , ,1.5494E-12,5.5018E-13, , ,2021-04-28
70,179,Yb,94,239,Pu,0, , ,1.4018E-12,3.1501E-13, , ,2021-04-28
71,179,Lu,94,239,Pu,0, , ,0,0, , ,2021-04-28
71,179,Lu,94,239,Pu,1, , ,0,0, , ,2021-04-28
72,178,Hf,94,239,Pu,0, , ,0,0, , ,2021-04-28
